220668.9.peg.1	lp_0001	100.000	1326	0	0	1	1326	43	1368	0.0	2449
220668.9.peg.2	lp_0002	100.000	1140	0	0	1	1140	1	1140	0.0	2106
220668.9.peg.5	lp_0006	100.000	1947	0	0	1	1947	1	1947	0.0	3596
220668.9.peg.6	lp_0007	100.000	2562	0	0	1	2562	1	2562	0.0	4732
220668.9.peg.7	lp_0009	100.000	300	0	0	1	300	1	300	6.02e-159	555
220668.9.peg.8	lp_0010	100.000	603	0	0	1	603	1	603	0.0	1114
220668.9.peg.9	lp_0011	100.000	237	0	0	1	237	1	237	4.93e-124	438
220668.9.peg.11	lp_0013	100.000	453	0	0	1	453	1	453	0.0	837
220668.9.peg.16	lp_0018	100.000	1566	0	0	1	1566	52	1617	0.0	2892
220668.9.peg.19	lp_0021	100.000	1140	0	0	1	1140	1	1140	0.0	2106
220668.9.peg.20	lp_0022	100.000	1173	0	0	1	1173	1	1173	0.0	2167
220668.9.peg.21	lp_0023	100.000	1440	0	0	1	1440	1	1440	0.0	2660
220668.9.peg.22	lp_0024	100.000	2397	0	0	1	2397	1	2397	0.0	4427
220668.9.peg.25	lp_0027	100.000	672	0	0	1	672	1	672	0.0	1242
220668.9.peg.26	lp_0028	100.000	2721	0	0	1	2721	1	2721	0.0	5025
220668.9.peg.30	lp_0036	100.000	708	0	0	1	708	1	708	0.0	1308
220668.9.peg.31	lp_0037	100.000	1875	0	0	1	1875	1	1875	0.0	3463
220668.9.peg.38	lp_0047	100.000	1428	0	0	1	1428	4	1431	0.0	2638
220668.9.peg.51	lp_0062	100.000	654	0	0	1	654	1	654	0.0	1208
220668.9.peg.53	lp_0066	100.000	672	0	0	1	672	1	672	0.0	1242
220668.9.peg.57	lp_0070	100.000	1248	0	0	1	1248	70	1317	0.0	2305
220668.9.peg.75	lp_0092	100.000	1644	0	0	1	1644	1	1644	0.0	3037
220668.9.peg.91	lp_0113	100.000	792	0	0	1	792	1	792	0.0	1463
220668.9.peg.92	lp_0114	100.000	825	0	0	1	825	1	825	0.0	1524
220668.9.peg.93	lp_0115	100.000	654	0	0	1	654	1	654	0.0	1208
220668.9.peg.102	lp_0125	100.000	759	0	0	1	759	1	759	0.0	1402
220668.9.peg.112	lp_0136	100.000	849	0	0	1	849	1	849	0.0	1568
220668.9.peg.136	lp_0168	100.000	999	0	0	1	999	1	999	0.0	1845
220668.9.peg.137	lp_0169	100.000	582	0	0	1	582	1	582	0.0	1075
220668.9.peg.138	lp_0170	100.000	369	0	0	1	369	1	369	0.0	682
220668.9.peg.139	lp_0171	100.000	708	0	0	1	708	1	708	0.0	1308
220668.9.peg.142	lp_0174	100.000	1674	0	0	1	1674	1	1674	0.0	3092
220668.9.peg.143	lp_0175	100.000	1254	0	0	1	1254	1	1254	0.0	2316
220668.9.peg.144	lp_0176	100.000	1290	0	0	1	1290	1	1290	0.0	2383
220668.9.peg.145	lp_0177	100.000	885	0	0	1	885	1	885	0.0	1635
220668.9.peg.148	lp_0180	100.000	1107	0	0	1	1107	1	1107	0.0	2045
220668.9.peg.149	lp_0181	100.000	2271	0	0	1	2271	1	2271	0.0	4194
220668.9.peg.153	lp_0185	100.000	1956	0	0	1	1956	1	1956	0.0	3613
220668.9.peg.154	lp_0187	100.000	1506	0	0	1	1506	1	1506	0.0	2782
220668.9.peg.156	lp_0189	100.000	1677	0	0	1	1677	1	1677	0.0	3097
220668.9.peg.159	lp_0193	100.000	1674	0	0	1	1674	1	1674	0.0	3092
220668.9.peg.164	lp_0200	100.000	1662	0	0	1	1662	1	1662	0.0	3070
220668.9.peg.165	lp_0201	100.000	1662	0	0	1	1662	1	1662	0.0	3070
220668.9.peg.174	lp_0210	100.000	1188	0	0	1	1188	1	1188	0.0	2194
220668.9.peg.183	lp_0220	100.000	486	0	0	1	486	1	486	0.0	898
220668.9.peg.184	lp_0221	100.000	831	0	0	1	831	1	831	0.0	1535
220668.9.peg.188	lp_0226	100.000	714	0	0	1	714	1	714	0.0	1319
220668.9.peg.191	lp_0230	100.000	1839	0	0	1	1839	1	1839	0.0	3397
220668.9.peg.193	lp_0232	100.000	450	0	0	1	450	1	450	0.0	832
220668.9.peg.194	lp_0233	100.000	1158	0	0	1	1158	1	1158	0.0	2139
220668.9.peg.196	lp_0236	100.000	333	0	0	1	333	1	333	3.05e-177	616
220668.9.peg.199	lp_0242	100.000	465	0	0	1	465	1	465	0.0	859
220668.9.peg.203	lp_0247	100.000	1278	0	0	82	1359	1	1278	0.0	2361
220668.9.peg.208	lp_0252	100.000	735	0	0	1	735	1	735	0.0	1358
220668.9.peg.211	lp_0255	100.000	1146	0	0	1	1146	1	1146	0.0	2117
220668.9.peg.212	lp_0256	100.000	912	0	0	1	912	1	912	0.0	1685
220668.9.peg.213	lp_0257	100.000	792	0	0	1	792	1	792	0.0	1463
220668.9.peg.218	lp_0263	100.000	1644	0	0	1	1644	1	1644	0.0	3037
220668.9.peg.219	lp_0264	100.000	1998	0	0	1	1998	1	1998	0.0	3690
220668.9.peg.220	lp_0265	100.000	1962	0	0	1	1962	10	1971	0.0	3624
220668.9.peg.222	lp_0267	100.000	405	0	0	1	405	1	405	0.0	749
220668.9.peg.223	lp_0268	100.000	1209	0	0	1	1209	1	1209	0.0	2233
220668.9.peg.224	lp_0269	100.000	2820	0	0	1	2820	1	2820	0.0	5208
220668.9.peg.229	lp_0275	100.000	1362	0	0	34	1395	1	1362	0.0	2516
220668.9.peg.240	lp_0286	100.000	1326	0	0	1	1326	1	1326	0.0	2449
220668.9.peg.258	lp_0305	100.000	375	0	0	1	375	1	375	0.0	693
220668.9.peg.263	lp_0310	100.000	1197	0	0	1	1197	1	1197	0.0	2211
220668.9.peg.266	lp_0313	100.000	1203	0	0	1	1203	1	1203	0.0	2222
220668.9.peg.267	lp_0315	100.000	1071	0	0	1	1071	1	1071	0.0	1978
220668.9.peg.268	lp_0316	100.000	816	0	0	1	816	1	816	0.0	1507
220668.9.peg.269	lp_0317	100.000	834	0	0	1	834	1	834	0.0	1541
220668.9.peg.270	lp_0318	100.000	1098	0	0	1	1098	1	1098	0.0	2028
220668.9.peg.279	lp_0329	100.000	1368	0	0	1	1368	1	1368	0.0	2527
220668.9.peg.280	lp_0330	100.000	864	0	0	1	864	1	864	0.0	1596
220668.9.peg.281	lp_0331	100.000	1317	0	0	1	1317	1	1317	0.0	2433
220668.9.peg.287	lp_0337	100.000	972	0	0	1	972	1	972	0.0	1796
220668.9.peg.289	lp_0339	100.000	1176	0	0	1	1176	1	1176	0.0	2172
220668.9.peg.291	lp_0343	100.000	816	0	0	1	816	1	816	0.0	1507
220668.9.peg.292	lp_0344	100.000	1092	0	0	1	1092	1	1092	0.0	2017
220668.9.peg.297	lp_0350	100.000	960	0	0	1	960	1	960	0.0	1773
220668.9.peg.306	lp_0362	100.000	573	0	0	1	573	1	573	0.0	1059
220668.9.peg.307	lp_0363	100.000	921	0	0	1	921	1	921	0.0	1701
220668.9.peg.311	lp_0367	100.000	1527	0	0	1	1527	1	1527	0.0	2820
220668.9.peg.312	lp_0368	100.000	972	0	0	1	972	1	972	0.0	1796
220668.9.peg.314	lp_0370	100.000	1518	0	0	1	1518	1	1518	0.0	2804
220668.9.peg.315	lp_0371	100.000	1830	0	0	1	1830	1	1830	0.0	3380
220668.9.peg.316	lp_0372	100.000	720	0	0	1	720	4	723	0.0	1330
220668.9.peg.318	lp_0374	100.000	1788	0	0	1	1788	1	1788	0.0	3302
220668.9.peg.318	lp_0374	86.523	512	61	8	346	853	274	781	1.06e-158	556
220668.9.peg.318	lp_0374	86.523	512	61	8	274	781	346	853	1.06e-158	556
220668.9.peg.318	lp_0374	84.375	544	76	9	310	848	274	813	2.98e-149	525
220668.9.peg.318	lp_0374	84.375	544	76	9	274	813	310	848	2.98e-149	525
220668.9.peg.318	lp_0374	84.677	496	72	4	358	851	250	743	3.02e-139	492
220668.9.peg.318	lp_0374	84.677	496	72	4	250	743	358	851	3.02e-139	492
220668.9.peg.331	lp_0399	100.000	1377	0	0	1	1377	1	1377	0.0	2543
220668.9.peg.353	lp_0433	100.000	777	0	0	1	777	1	777	0.0	1435
220668.9.peg.354	lp_0434	100.000	1017	0	0	1	1017	1	1017	0.0	1879
220668.9.peg.356	lp_0436	100.000	1362	0	0	1	1362	1	1362	0.0	2516
220668.9.peg.359	lp_0439	100.000	1356	0	0	4	1359	1	1356	0.0	2505
220668.9.peg.360	lp_0440	100.000	1437	0	0	1	1437	1	1437	0.0	2654
220668.9.peg.361	lp_0441	100.000	897	0	0	1	897	1	897	0.0	1657
220668.9.peg.374	lp_0454	100.000	2052	0	0	1	2052	1	2052	0.0	3790
220668.9.peg.380	lp_0460	100.000	867	0	0	1	867	1	867	0.0	1602
220668.9.peg.382	lp_0463	100.000	699	0	0	1	699	1	699	0.0	1291
220668.9.peg.383	lp_0464	100.000	798	0	0	7	804	1	798	0.0	1474
220668.9.peg.387	lp_0471	100.000	981	0	0	1	981	1	981	0.0	1812
220668.9.peg.391	lp_0476	100.000	1353	0	0	1	1353	1	1353	0.0	2499
220668.9.peg.392	lp_0477	100.000	810	0	0	1	810	124	933	0.0	1496
220668.9.peg.395	lp_0481	100.000	1614	0	0	1	1614	1	1614	0.0	2981
220668.9.peg.398	lp_0484	100.000	870	0	0	1	870	1	870	0.0	1607
220668.9.peg.402	lp_0488	100.000	1839	0	0	1	1839	1	1839	0.0	3397
220668.9.peg.409	lp_0497	100.000	648	0	0	1	648	1	648	0.0	1197
220668.9.peg.410	lp_0498	100.000	1365	0	0	1	1365	1	1365	0.0	2521
220668.9.peg.412	lp_0500	100.000	924	0	0	1	924	1	924	0.0	1707
220668.9.peg.413	lp_0501	100.000	1272	0	0	1	1272	1	1272	0.0	2350
220668.9.peg.414	lp_0502	100.000	1281	0	0	1	1281	1	1281	0.0	2366
220668.9.peg.415	lp_0505	100.000	654	0	0	1	654	1	654	0.0	1208
220668.9.peg.416	lp_0506	100.000	900	0	0	1	900	1	900	0.0	1663
220668.9.peg.419	lp_0510	100.000	1281	0	0	1	1281	1	1281	0.0	2366
220668.9.peg.421	lp_0512	100.000	246	0	0	1	246	1	246	5.09e-129	455
220668.9.peg.427	lp_0518	100.000	1389	0	0	1	1389	1	1389	0.0	2566
220668.9.peg.430	lp_0522	100.000	363	0	0	1	363	1	363	0.0	671
220668.9.peg.440	lp_0532	100.000	1023	0	0	1	1023	1	1023	0.0	1890
220668.9.peg.444	lp_0537	100.000	963	0	0	1	963	1	963	0.0	1779
220668.9.peg.451	lp_0545	100.000	1347	0	0	1	1347	1	1347	0.0	2488
220668.9.peg.452	lp_0546	100.000	543	0	0	1	543	1	543	0.0	1003
220668.9.peg.456	lp_0550	100.000	1500	0	0	1	1500	1	1500	0.0	2771
220668.9.peg.465	lp_0561	100.000	792	0	0	1	792	1	792	0.0	1463
220668.9.peg.466	lp_0562	100.000	1137	0	0	1	1137	1	1137	0.0	2100
220668.9.peg.468	lp_0564	100.000	738	0	0	1	738	1	738	0.0	1363
220668.9.peg.469	lp_0565	100.000	1479	0	0	1	1479	1	1479	0.0	2732
220668.9.peg.478	lp_0575	100.000	975	0	0	1	975	1	975	0.0	1801
220668.9.peg.479	lp_0576	99.876	807	1	0	1	807	1	807	0.0	1485
220668.9.peg.480	lp_0577	100.000	918	0	0	1	918	1	918	0.0	1696
220668.9.peg.481	lp_0578	100.000	15870	0	0	1	15870	1	15870	0.0	29307
220668.9.peg.490	lp_0586	100.000	420	0	0	1	420	1	420	0.0	776
220668.9.peg.491	lp_0587	100.000	513	0	0	1	513	7	519	0.0	948
220668.9.peg.492	lp_0588	100.000	972	0	0	1	972	1	972	0.0	1796
220668.9.peg.493	lp_0589	100.000	402	0	0	1	402	1	402	0.0	743
220668.9.peg.494	lp_0590	100.000	1323	0	0	1	1323	1	1323	0.0	2444
220668.9.peg.495	lp_0591	100.000	804	0	0	1	804	1	804	0.0	1485
220668.9.peg.496	lp_0592	100.000	774	0	0	1	774	1	774	0.0	1430
220668.9.peg.505	lp_0604	100.000	537	0	0	1	537	1	537	0.0	992
220668.9.peg.509	lp_0609	100.000	1491	0	0	1	1491	1	1491	0.0	2754
220668.9.peg.510	lp_0610	100.000	1413	0	0	1	1413	1	1413	0.0	2610
220668.9.peg.515	lp_0615	100.000	150	0	0	1	150	1	150	6.81e-76	278
220668.9.peg.520	lp_0620	100.000	690	0	0	1	690	1	690	0.0	1275
220668.9.peg.521	lp_0621	100.000	504	0	0	1	504	1	504	0.0	931
220668.9.peg.522	lp_0622	100.000	369	0	0	1	369	1	369	0.0	682
220668.9.peg.581	lp_0692	100.000	1011	0	0	1	1011	1	1011	0.0	1868
220668.9.peg.582	lp_0693	100.000	2166	0	0	1	2166	1	2166	0.0	4000
220668.9.peg.586	lp_0698	100.000	1698	0	0	1	1698	1	1698	0.0	3136
220668.9.peg.590	lp_0703	100.000	666	0	0	1	666	1	666	0.0	1230
220668.9.peg.592	lp_0705	100.000	1020	0	0	1	1020	1	1020	0.0	1884
220668.9.peg.596	lp_0709	100.000	996	0	0	1	996	1	996	0.0	1840
220668.9.peg.597	lp_0710	99.909	1101	1	0	1	1101	1	1101	0.0	2028
220668.9.peg.598	lp_0711	100.000	798	0	0	1	798	1	798	0.0	1474
220668.9.peg.615	lp_0730	100.000	1098	0	0	1	1098	1	1098	0.0	2028
220668.9.peg.617	lp_0733	100.000	903	0	0	1	903	1	903	0.0	1668
220668.9.peg.627	lp_0746	100.000	876	0	0	1	876	1	876	0.0	1618
220668.9.peg.628	lp_0747	100.000	930	0	0	1	930	1	930	0.0	1718
220668.9.peg.629	lp_0748	100.000	885	0	0	1	885	1	885	0.0	1635
220668.9.peg.630	lp_0749	100.000	810	0	0	1	810	1	810	0.0	1496
220668.9.peg.631	lp_0750	100.000	756	0	0	1	756	1	756	0.0	1397
220668.9.peg.637	lp_0756	100.000	1017	0	0	1	1017	1	1017	0.0	1879
220668.9.peg.638	lp_0757	100.000	921	0	0	1	921	1	921	0.0	1701
220668.9.peg.642	lp_0761	100.000	939	0	0	1	939	1	939	0.0	1735
220668.9.peg.645	lp_0764	100.000	1650	0	0	1	1650	79	1728	0.0	3048
220668.9.peg.647	lp_0766	100.000	1359	0	0	22	1380	1	1359	0.0	2510
220668.9.peg.654	lp_0774	100.000	477	0	0	1	477	1	477	0.0	881
220668.9.peg.661	lp_0783	100.000	1623	0	0	1	1623	31	1653	0.0	2998
220668.9.peg.662	lp_0785	100.000	975	0	0	1	975	1	975	0.0	1801
220668.9.peg.683	lp_0807	100.000	978	0	0	1	978	1	978	0.0	1807
220668.9.peg.689	lp_0814	99.780	910	0	2	1	909	1	909	0.0	1668
220668.9.peg.690	lp_0815	100.000	1965	0	0	1	1965	166	2130	0.0	3629
220668.9.peg.701	lp_0826	100.000	942	0	0	1	942	109	1050	0.0	1740
220668.9.peg.704	lp_0829	100.000	753	0	0	1	753	1	753	0.0	1391
220668.9.peg.709	lp_0834	100.000	1527	0	0	1	1527	1	1527	0.0	2820
220668.9.peg.721	lp_0848	99.847	1308	2	0	1	1308	1	1308	0.0	2405
220668.9.peg.722	lp_0849	100.000	1740	0	0	1	1740	1	1740	0.0	3214
220668.9.peg.724	lp_0852	100.000	1761	0	0	1	1761	1	1761	0.0	3253
220668.9.peg.726	lp_0854	100.000	990	0	0	16	1005	1	990	0.0	1829
220668.9.peg.733	lp_0863	100.000	819	0	0	1	819	1	819	0.0	1513
220668.9.peg.736	lp_0866	100.000	582	0	0	1	582	1	582	0.0	1075
220668.9.peg.741	lp_0874	100.000	1632	0	0	1	1632	1	1632	0.0	3014
220668.9.peg.750	lp_0886	100.000	1452	0	0	1	1452	1	1452	0.0	2682
220668.9.peg.767	lp_0905	99.943	1767	1	0	1	1767	97	1863	0.0	3258
220668.9.peg.768	lp_0906	100.000	1503	0	0	1	1503	1	1503	0.0	2776
220668.9.peg.813	lp_0956	100.000	1296	0	0	1	1296	1	1296	0.0	2394
220668.9.peg.830	lp_0975	100.000	1401	0	0	1	1401	1	1401	0.0	2588
220668.9.peg.831	lp_0977	100.000	1482	0	0	1	1482	1	1482	0.0	2737
220668.9.peg.832	lp_0979	100.000	1203	0	0	1	1203	1	1203	0.0	2222
220668.9.peg.852	lp_1005	100.000	1683	0	0	1	1683	1	1683	0.0	3109
220668.9.peg.857	lp_1011	100.000	636	0	0	1	636	1	636	0.0	1175
220668.9.peg.858	lp_1012	100.000	1278	0	0	1	1278	1	1278	0.0	2361
220668.9.peg.863	lp_1021	100.000	3606	0	0	1	3606	10	3615	0.0	6660
220668.9.peg.864	lp_1022	100.000	3642	0	0	1	3642	1	3642	0.0	6726
220668.9.peg.866	lp_1025	100.000	414	0	0	1	414	1	414	0.0	765
220668.9.peg.867	lp_1026	100.000	471	0	0	1	471	1	471	0.0	870
220668.9.peg.870	lp_1032	100.000	309	0	0	1	309	1	309	6.17e-164	571
220668.9.peg.871	lp_1033	100.000	630	0	0	1	630	1	630	0.0	1164
220668.9.peg.872	lp_1034	100.000	624	0	0	1	624	1	624	0.0	1153
220668.9.peg.873	lp_1035	100.000	294	0	0	1	294	1	294	1.28e-155	544
220668.9.peg.874	lp_1036	100.000	840	0	0	1	840	1	840	0.0	1552
220668.9.peg.875	lp_1038	100.000	276	0	0	1	276	1	276	1.21e-145	510
220668.9.peg.876	lp_1039	99.713	348	1	0	1	348	1	348	0.0	638
220668.9.peg.877	lp_1040	100.000	654	0	0	1	654	1	654	0.0	1208
220668.9.peg.878	lp_1041	100.000	435	0	0	1	435	1	435	0.0	804
220668.9.peg.879	lp_1043	100.000	195	0	0	1	195	1	195	8.85e-101	361
220668.9.peg.880	lp_1044	100.000	270	0	0	1	270	1	270	2.57e-142	499
220668.9.peg.881	lp_1045	100.000	369	0	0	1	369	1	369	0.0	682
220668.9.peg.882	lp_1046	100.000	312	0	0	1	312	1	312	1.34e-165	577
220668.9.peg.883	lp_1047	100.000	543	0	0	1	543	1	543	0.0	1003
220668.9.peg.884	lp_1048	100.000	186	0	0	1	186	1	186	8.45e-96	344
220668.9.peg.885	lp_1050	100.000	396	0	0	1	396	1	396	0.0	732
220668.9.peg.886	lp_1051	100.000	537	0	0	1	537	1	537	0.0	992
220668.9.peg.887	lp_1052	100.000	357	0	0	1	357	10	366	0.0	660
220668.9.peg.888	lp_1053	100.000	501	0	0	1	501	1	501	0.0	926
220668.9.peg.889	lp_1054	100.000	183	0	0	1	183	1	183	3.86e-94	339
220668.9.peg.890	lp_1055	100.000	432	0	0	1	432	1	432	0.0	798
220668.9.peg.892	lp_1058	100.000	651	0	0	10	660	1	651	0.0	1203
220668.9.peg.894	lp_1059a	100.000	120	0	0	1	120	1	120	2.52e-59	222
220668.9.peg.895	lp_1060	100.000	366	0	0	1	366	1	366	0.0	676
220668.9.peg.896	lp_1061	100.000	390	0	0	1	390	1	390	0.0	721
220668.9.peg.897	lp_1062	100.000	945	0	0	1	945	1	945	0.0	1746
220668.9.peg.898	lp_1063	100.000	384	0	0	1	384	1	384	0.0	710
220668.9.peg.900	lp_1066	100.000	993	0	0	1	993	1	993	0.0	1834
220668.9.peg.901	lp_1067	100.000	570	0	0	1	570	1	570	0.0	1053
220668.9.peg.911	lp_1076	100.000	789	0	0	49	837	1	789	0.0	1458
220668.9.peg.912	lp_1077	100.000	444	0	0	1	444	1	444	0.0	821
220668.9.peg.913	lp_1078	100.000	393	0	0	1	393	1	393	0.0	726
220668.9.peg.918	lp_1084	100.000	894	0	0	1	894	1	894	0.0	1652
220668.9.peg.919	lp_1085	100.000	996	0	0	1	996	1	996	0.0	1840
220668.9.peg.920	lp_1086	100.000	1080	0	0	1	1080	1	1080	0.0	1995
220668.9.peg.921	lp_1087	100.000	1422	0	0	1	1422	1	1422	0.0	2627
220668.9.peg.923	lp_1089	100.000	612	0	0	1	612	1	612	0.0	1131
220668.9.peg.924	lp_1090	100.000	933	0	0	1	933	1	933	0.0	1724
220668.9.peg.927	lp_1095	100.000	738	0	0	1	738	1	738	0.0	1363
220668.9.peg.928	lp_1096	100.000	873	0	0	4	876	1	873	0.0	1613
220668.9.peg.929	lp_1097	100.000	942	0	0	1	942	1	942	0.0	1740
220668.9.peg.931	lp_1101	100.000	930	0	0	1	930	1	930	0.0	1718
220668.9.peg.934	lp_1105	100.000	1161	0	0	1	1161	1	1161	0.0	2145
220668.9.peg.936	lp_1107	100.000	291	0	0	1	291	1	291	5.87e-154	538
220668.9.peg.937	lp_1108	100.000	915	0	0	1	915	1	915	0.0	1690
220668.9.peg.938	lp_1109	100.000	1539	0	0	1	1539	1	1539	0.0	2843
220668.9.peg.945	lp_1118	100.000	1644	0	0	1	1644	1	1644	0.0	3037
220668.9.peg.951	lp_1125	100.000	1440	0	0	1	1440	1	1440	0.0	2660
220668.9.peg.958	lp_1134	100.000	978	0	0	1	978	1	978	0.0	1807
220668.9.peg.964	lp_1141	100.000	1170	0	0	1	1170	1	1170	0.0	2161
220668.9.peg.965	lp_1144	100.000	2268	0	0	1	2268	1	2268	0.0	4189
220668.9.peg.966	lp_1145	100.000	2040	0	0	1	2040	1	2040	0.0	3768
220668.9.peg.968	lp_1147	100.000	321	0	0	1	321	1	321	1.37e-170	593
220668.9.peg.969	lp_1148	100.000	1464	0	0	1	1464	1	1464	0.0	2704
220668.9.peg.970	lp_1149	100.000	1425	0	0	1	1425	1	1425	0.0	2632
220668.9.peg.984	lp_1164	100.000	1308	0	0	1	1308	1	1308	0.0	2416
220668.9.peg.991	lp_1173	99.911	1119	1	0	1	1119	1	1119	0.0	2061
220668.9.peg.993	lp_1175	100.000	717	0	0	1	717	1	717	0.0	1325
220668.9.peg.994	lp_1176	100.000	1122	0	0	1	1122	1	1122	0.0	2073
220668.9.peg.1004	lp_1186	100.000	864	0	0	1	864	1	864	0.0	1596
220668.9.peg.1006	lp_1188	99.818	549	0	1	1	549	1	548	0.0	1007
220668.9.peg.1007	lp_1189	100.000	1029	0	0	1	1029	1	1029	0.0	1901
220668.9.peg.1008	lp_1190	100.000	843	0	0	1	843	1	843	0.0	1557
220668.9.peg.1018	lp_1200	100.000	948	0	0	1	948	1	948	0.0	1751
220668.9.peg.1033	lp_1219	100.000	1134	0	0	1	1134	1	1134	0.0	2095
220668.9.peg.1057	lp_1245	100.000	927	0	0	1	927	1	927	0.0	1712
220668.9.peg.1059	lp_1248	100.000	399	0	0	1	399	1	399	0.0	737
220668.9.peg.1060	lp_1249	100.000	1356	0	0	1	1356	1	1356	0.0	2505
220668.9.peg.1061	lp_1250	100.000	1515	0	0	1	1515	1	1515	0.0	2798
220668.9.peg.1071	lp_1261	100.000	1506	0	0	1	1506	139	1644	0.0	2782
220668.9.peg.1073	lp_1263	100.000	1035	0	0	1	1035	1	1035	0.0	1912
220668.9.peg.1074	lp_1264	100.000	1080	0	0	1	1080	1	1080	0.0	1995
220668.9.peg.1075	lp_1265	100.000	966	0	0	1	966	1	966	0.0	1784
220668.9.peg.1081	lp_1274	100.000	1731	0	0	1	1731	1	1731	0.0	3197
220668.9.peg.1090	lp_1289	100.000	543	0	0	1	543	1	543	0.0	1003
220668.9.peg.1095	lp_1295	100.000	1326	0	0	1	1326	1	1326	0.0	2449
220668.9.peg.1096	lp_1296	100.000	975	0	0	1	975	1	975	0.0	1801
220668.9.peg.1099	lp_1299	100.000	1497	0	0	4	1500	1	1497	0.0	2765
220668.9.peg.1101	lp_1301	100.000	1188	0	0	1	1188	1	1188	0.0	2194
220668.9.peg.1105	lp_1311	100.000	1509	0	0	1	1509	1	1509	0.0	2787
220668.9.peg.1106	lp_1312	100.000	1527	0	0	1	1527	1	1527	0.0	2820
220668.9.peg.1110	lp_1316	100.000	2427	0	0	1	2427	1	2427	0.0	4482
220668.9.peg.1112	lp_1319	100.000	741	0	0	1	741	1	741	0.0	1369
220668.9.peg.1116	lp_1324	100.000	1101	0	0	7	1107	1	1101	0.0	2034
220668.9.peg.1117	lp_1325	100.000	966	0	0	1	966	1	966	0.0	1784
220668.9.peg.1118	lp_1326	100.000	843	0	0	1	843	1	843	0.0	1557
220668.9.peg.1119	lp_1327	100.000	1353	0	0	1	1353	1	1353	0.0	2499
220668.9.peg.1120	lp_1328	100.000	687	0	0	1	687	1	687	0.0	1269
220668.9.peg.1121	lp_1329	100.000	648	0	0	1	648	1	648	0.0	1197
220668.9.peg.1128	lp_1339	100.000	804	0	0	1	804	1	804	0.0	1485
220668.9.peg.1133	lp_1347	100.000	867	0	0	1	867	1	867	0.0	1602
220668.9.peg.1154	lp_1374	100.000	1857	0	0	1	1857	1	1857	0.0	3430
220668.9.peg.1155	lp_1375	100.000	2307	0	0	1	2307	1	2307	0.0	4261
220668.9.peg.1158	lp_1379	100.000	624	0	0	1	624	1	624	0.0	1153
220668.9.peg.1165	lp_1391	100.000	1689	0	0	1	1689	1	1689	0.0	3120
220668.9.peg.1172	lp_1398	100.000	339	0	0	1	339	1	339	1.43e-180	627
220668.9.peg.1173	lp_1399	100.000	300	0	0	1	300	1	300	6.02e-159	555
220668.9.peg.1174	lp_1400	100.000	1356	0	0	1	1356	1	1356	0.0	2505
220668.9.peg.1175	lp_1401	100.000	1473	0	0	1	1473	1	1473	0.0	2721
220668.9.peg.1179	lp_1406	100.000	237	0	0	1	237	7	243	4.93e-124	438
220668.9.peg.1181	lp_1409	99.836	609	1	0	1	609	1	609	0.0	1120
220668.9.peg.1182	lp_1410	100.000	1122	0	0	1	1122	1	1122	0.0	2073
220668.9.peg.1185	lp_1413	100.000	2130	0	0	1	2130	1	2130	0.0	3934
220668.9.peg.1225	lp_1462	100.000	1311	0	0	1	1311	1	1311	0.0	2422
220668.9.peg.1228	lp_1466	100.000	1989	0	0	1	1989	1	1989	0.0	3674
220668.9.peg.1243	lp_1481	100.000	1191	0	0	1	1191	1	1191	0.0	2200
220668.9.peg.1273	lp_1513	100.000	936	0	0	1	936	1	936	0.0	1729
220668.9.peg.1274	lp_1514	99.949	1965	1	0	1	1965	1	1965	0.0	3624
220668.9.peg.1276	lp_1516	100.000	195	0	0	1	195	1	195	8.85e-101	361
220668.9.peg.1277	lp_1517	100.000	357	0	0	1	357	1	357	0.0	660
220668.9.peg.1294	lp_1535a	100.000	180	0	0	1	180	1	180	1.76e-92	333
220668.9.peg.1311	lp_1558	100.000	1047	0	0	1	1047	1	1047	0.0	1934
220668.9.peg.1312	lp_1559	100.000	2418	0	0	1	2418	1	2418	0.0	4466
220668.9.peg.1314	lp_1562	100.000	630	0	0	1	630	1	630	0.0	1164
220668.9.peg.1321	lp_1569	100.000	150	0	0	1	150	1	150	6.81e-76	278
220668.9.peg.1322	lp_1570	100.000	567	0	0	1	567	1	567	0.0	1048
220668.9.peg.1325	lp_1573	100.000	963	0	0	1	963	1	963	0.0	1779
220668.9.peg.1329	lp_1578	100.000	735	0	0	1	735	1	735	0.0	1358
220668.9.peg.1332	lp_1581	100.000	1347	0	0	1	1347	1	1347	0.0	2488
220668.9.peg.1341	lp_1592	100.000	309	0	0	1	309	1	309	6.17e-164	571
220668.9.peg.1343	lp_1594	100.000	279	0	0	1	279	1	279	2.64e-147	516
220668.9.peg.1344	lp_1595	100.000	1062	0	0	1	1062	1	1062	0.0	1962
220668.9.peg.1348	lp_1599	100.000	861	0	0	1	861	1	861	0.0	1591
220668.9.peg.1351	lp_1602	100.000	891	0	0	1	891	1	891	0.0	1646
220668.9.peg.1355	lp_1607	100.000	1185	0	0	1	1185	1	1185	0.0	2189
220668.9.peg.1356	lp_1608	100.000	630	0	0	1	630	1	630	0.0	1164
220668.9.peg.1357	lp_1609	100.000	936	0	0	1	936	1	936	0.0	1729
220668.9.peg.1358	lp_1610	100.000	654	0	0	1	654	1	654	0.0	1208
220668.9.peg.1360	lp_1612	100.000	621	0	0	1	621	1	621	0.0	1147
220668.9.peg.1362	lp_1614	100.000	1338	0	0	1	1338	1	1338	0.0	2471
220668.9.peg.1363	lp_1615	100.000	2418	0	0	1	2418	1	2418	0.0	4466
220668.9.peg.1364	lp_1616	100.000	954	0	0	1	954	1	954	0.0	1762
220668.9.peg.1369	lp_1621	100.000	654	0	0	1	654	1	654	0.0	1208
220668.9.peg.1370	lp_1622	100.000	660	0	0	1	660	1	660	0.0	1219
220668.9.peg.1372	lp_1624	100.000	186	0	0	1	186	1	186	8.45e-96	344
220668.9.peg.1376	lp_1628	100.000	1047	0	0	1	1047	1	1047	0.0	1934
220668.9.peg.1378	lp_1631	100.000	696	0	0	1	696	1	696	0.0	1286
220668.9.peg.1379	lp_1632	100.000	3558	0	0	1	3558	1	3558	0.0	6571
220668.9.peg.1383	lp_1636	100.000	273	0	0	1	273	1	273	5.58e-144	505
220668.9.peg.1386	lp_1639	100.000	741	0	0	1	741	1	741	0.0	1369
220668.9.peg.1387	lp_1640	100.000	357	0	0	1	357	1	357	0.0	660
220668.9.peg.1393	lp_1652	100.000	1437	0	0	1	1437	1	1437	0.0	2654
220668.9.peg.1394	lp_1653	100.000	576	0	0	1	576	1	576	0.0	1064
220668.9.peg.1398	lp_1657	100.000	1200	0	0	1	1200	1	1200	0.0	2217
220668.9.peg.1399	lp_1658	100.000	795	0	0	1	795	1	795	0.0	1469
220668.9.peg.1400	lp_1659	100.000	540	0	0	1	540	1	540	0.0	998
220668.9.peg.1405	lp_1665	100.000	1044	0	0	1	1044	1	1044	0.0	1929
220668.9.peg.1409	lp_1670	100.000	444	0	0	1	444	1	444	0.0	821
220668.9.peg.1410	lp_1671	100.000	987	0	0	1	987	1	987	0.0	1823
220668.9.peg.1412	lp_1673	100.000	933	0	0	1	933	1	933	0.0	1724
220668.9.peg.1413	lp_1674	100.000	723	0	0	1	723	7	729	0.0	1336
220668.9.peg.1414	lp_1675	100.000	1233	0	0	1	1233	1	1233	0.0	2278
220668.9.peg.1415	lp_1676	100.000	462	0	0	1	462	1	462	0.0	854
220668.9.peg.1416	lp_1677	100.000	414	0	0	1	414	1	414	0.0	765
220668.9.peg.1417	lp_1678	100.000	1389	0	0	1	1389	1	1389	0.0	2566
220668.9.peg.1418	lp_1679	100.000	843	0	0	1	843	1	843	0.0	1557
220668.9.peg.1419	lp_1680	100.000	771	0	0	1	771	1	771	0.0	1424
220668.9.peg.1420	lp_1681	100.000	759	0	0	1	759	1	759	0.0	1402
220668.9.peg.1446	lp_1712	100.000	195	0	0	1	195	1	195	8.85e-101	361
220668.9.peg.1449	lp_1715	100.000	918	0	0	1	918	1	918	0.0	1696
220668.9.peg.1459	lp_1730	100.000	2247	0	0	1	2247	1	2247	0.0	4150
220668.9.peg.1460	lp_1731	100.000	1014	0	0	1	1014	1	1014	0.0	1873
220668.9.peg.1461	lp_1732	100.000	1047	0	0	1	1047	1	1047	0.0	1934
220668.9.peg.1462	lp_1733	100.000	1092	0	0	25	1116	1	1092	0.0	2017
220668.9.peg.1463	lp_1734	100.000	978	0	0	1	978	1	978	0.0	1807
220668.9.peg.1464	lp_1735	100.000	939	0	0	1	939	1	939	0.0	1735
220668.9.peg.1467	lp_1739	100.000	1200	0	0	1	1200	1	1200	0.0	2217
220668.9.peg.1468	lp_1740	100.000	1296	0	0	4	1299	1	1296	0.0	2394
220668.9.peg.1471	lp_1745	100.000	672	0	0	1	672	1	672	0.0	1242
220668.9.peg.1472	lp_1746	100.000	858	0	0	1	858	1	858	0.0	1585
220668.9.peg.1477	lp_1751	100.000	2304	0	0	1	2304	1	2304	0.0	4255
220668.9.peg.1500	lp_1779	100.000	1656	0	0	1	1656	1	1656	0.0	3059
220668.9.peg.1502	lp_1781	100.000	924	0	0	1	924	40	963	0.0	1707
220668.9.peg.1503	lp_1782	100.000	525	0	0	1	525	1	525	0.0	970
220668.9.peg.1522	lp_1801	100.000	789	0	0	1	789	1	789	0.0	1458
220668.9.peg.1529	lp_1811	100.000	1341	0	0	1	1341	1	1341	0.0	2477
220668.9.peg.1532	lp_1814	100.000	1593	0	0	1	1593	1	1593	0.0	2942
220668.9.peg.1534	lp_1816	100.000	660	0	0	1	660	43	702	0.0	1219
220668.9.peg.1547	lp_1835	100.000	516	0	0	1	516	1	516	0.0	953
220668.9.peg.1548	lp_1836	100.000	435	0	0	1	435	1	435	0.0	804
220668.9.peg.1549	lp_1837	100.000	930	0	0	1	930	1	930	0.0	1718
220668.9.peg.1551	lp_1839	100.000	2451	0	0	1	2451	1	2451	0.0	4527
220668.9.peg.1552	lp_1840	100.000	2007	0	0	1	2007	1	2007	0.0	3707
220668.9.peg.1553	lp_1842	100.000	627	0	0	1	627	1	627	0.0	1158
220668.9.peg.1559	lp_1850	100.000	2148	0	0	1	2148	1	2148	0.0	3967
220668.9.peg.1563	lp_1856	100.000	1149	0	0	1	1149	1	1149	0.0	2122
220668.9.peg.1575	lp_1869	100.000	492	0	0	1	492	1	492	0.0	909
220668.9.peg.1579	lp_1873	100.000	1224	0	0	1	1224	1	1224	0.0	2261
220668.9.peg.1580	lp_1874	100.000	786	0	0	1	786	1	786	0.0	1452
220668.9.peg.1583	lp_1879	100.000	276	0	0	1	276	1	276	1.21e-145	510
220668.9.peg.1586	lp_1883	100.000	687	0	0	1	687	1	687	0.0	1269
220668.9.peg.1591	lp_1888	100.000	717	0	0	1	717	1	717	0.0	1325
220668.9.peg.1592	lp_1889	100.000	600	0	0	1	600	1	600	0.0	1109
220668.9.peg.1593	lp_1890	100.000	768	0	0	1	768	1	768	0.0	1419
220668.9.peg.1599	lp_1898	100.000	963	0	0	1	963	1	963	0.0	1779
220668.9.peg.1600	lp_1899	100.000	3351	0	0	1	3351	1	3351	0.0	6189
220668.9.peg.1611	lp_1912	100.000	2397	0	0	1	2397	1	2397	0.0	4427
220668.9.peg.1612	lp_1913	100.000	369	0	0	1	369	1	369	0.0	682
220668.9.peg.1629	lp_1932	100.000	669	0	0	1	669	1	669	0.0	1236
220668.9.peg.1656	lp_1962	100.000	1107	0	0	1	1107	1	1107	0.0	2045
220668.9.peg.1657	lp_1963	100.000	1881	0	0	1	1881	1	1881	0.0	3474
220668.9.peg.1658	lp_1964	100.000	2085	0	0	1	2085	1	2085	0.0	3851
220668.9.peg.1659	lp_1965	100.000	900	0	0	1	900	1	900	0.0	1663
220668.9.peg.1662	lp_1968	100.000	270	0	0	1	270	148	417	2.57e-142	499
220668.9.peg.1666	lp_1973	100.000	189	0	0	1	189	1	189	1.85e-97	350
220668.9.peg.1670	lp_1977	100.000	1161	0	0	1	1161	1	1161	0.0	2145
220668.9.peg.1672	lp_1979	100.000	531	0	0	1	531	1	531	0.0	981
220668.9.peg.1673	lp_1980	100.000	1797	0	0	1	1797	1	1797	0.0	3319
220668.9.peg.1674	lp_1981	100.000	1281	0	0	1	1281	1	1281	0.0	2366
220668.9.peg.1679	lp_1987	100.000	2226	0	0	1	2226	43	2268	0.0	4111
220668.9.peg.1703	lp_2016	100.000	1278	0	0	1	1278	1	1278	0.0	2361
220668.9.peg.1704	lp_2017	100.000	237	0	0	1	237	7	243	4.93e-124	438
220668.9.peg.1705	lp_2018	100.000	1215	0	0	1	1215	1	1215	0.0	2244
220668.9.peg.1706	lp_2019	100.000	1527	0	0	1	1527	1	1527	0.0	2820
220668.9.peg.1715	lp_2030	100.000	711	0	0	1	711	1	711	0.0	1314
220668.9.peg.1717	lp_2032	100.000	924	0	0	1	924	1	924	0.0	1707
220668.9.peg.1719	lp_2034	100.000	1098	0	0	1	1098	1	1098	0.0	2028
220668.9.peg.1728	lp_2043	100.000	1218	0	0	1	1218	1	1218	0.0	2250
220668.9.peg.1733	lp_2048	100.000	1710	0	0	1	1710	1	1710	0.0	3158
220668.9.peg.1735	lp_2050	100.000	786	0	0	1	786	1	786	0.0	1452
220668.9.peg.1738	lp_2053	100.000	723	0	0	1	723	1	723	0.0	1336
220668.9.peg.1740	lp_2055	100.000	804	0	0	1	804	1	804	0.0	1485
220668.9.peg.1742	lp_2057	100.000	999	0	0	1	999	1	999	0.0	1845
220668.9.peg.1745	lp_2060	100.000	636	0	0	1	636	1	636	0.0	1175
220668.9.peg.1752	lp_2067	100.000	1170	0	0	1	1170	1	1170	0.0	2161
220668.9.peg.1765	lp_2086	100.000	519	0	0	1	519	1	519	0.0	959
220668.9.peg.1773	lp_2096	100.000	918	0	0	1	918	1	918	0.0	1696
220668.9.peg.1774	lp_2097	100.000	1968	0	0	1	1968	1	1968	0.0	3635
220668.9.peg.1782	lp_2105	100.000	942	0	0	1	942	1	942	0.0	1740
220668.9.peg.1798	lp_2123	100.000	873	0	0	1	873	1	873	0.0	1613
220668.9.peg.1800	lp_2125	100.000	270	0	0	1	270	1	270	2.57e-142	499
220668.9.peg.1801	lp_2126	100.000	255	0	0	1	255	1	255	5.26e-134	472
220668.9.peg.1802	lp_2128	100.000	1062	0	0	1	1062	1	1062	0.0	1962
220668.9.peg.1804	lp_2130	100.000	486	0	0	4	489	1	486	0.0	898
220668.9.peg.1810	lp_2136	100.000	3432	0	0	1	3432	1	3432	0.0	6338
220668.9.peg.1817	lp_2147	100.000	774	0	0	1	774	1	774	0.0	1430
220668.9.peg.1819	lp_2150	100.000	933	0	0	1	933	1	933	0.0	1724
220668.9.peg.1820	lp_2151	100.000	1413	0	0	1	1413	1	1413	0.0	2610
220668.9.peg.1821	lp_2152	100.000	1296	0	0	1	1296	1	1296	0.0	2394
220668.9.peg.1822	lp_2153	100.000	978	0	0	1	978	1	978	0.0	1807
220668.9.peg.1823	lp_2154	100.000	1113	0	0	1	1113	1	1113	0.0	2056
220668.9.peg.1832	lp_2166	100.000	966	0	0	1	966	1	966	0.0	1784
220668.9.peg.1839	lp_2176	100.000	663	0	0	1	663	1	663	0.0	1225
220668.9.peg.1840	lp_2177	100.000	1353	0	0	1	1353	7	1359	0.0	2499
220668.9.peg.1843	lp_2180	100.000	1161	0	0	1	1161	1	1161	0.0	2145
220668.9.peg.1844	lp_2181	100.000	693	0	0	1	693	1	693	0.0	1280
220668.9.peg.1846	lp_2183	100.000	555	0	0	1	555	1	555	0.0	1026
220668.9.peg.1847	lp_2185	100.000	999	0	0	1	999	1	999	0.0	1845
220668.9.peg.1848	lp_2187	100.000	2799	0	0	1	2799	1	2799	0.0	5169
220668.9.peg.1856	lp_2196	100.000	1092	0	0	1	1092	1	1092	0.0	2017
220668.9.peg.1857	lp_2197	100.000	1380	0	0	1	1380	1	1380	0.0	2549
220668.9.peg.1858	lp_2199	100.000	966	0	0	1	966	1	966	0.0	1784
220668.9.peg.1864	lp_2206	100.000	960	0	0	1	960	1	960	0.0	1773
220668.9.peg.1867	lp_2211	100.000	513	0	0	1	513	1	513	0.0	948
220668.9.peg.1869	lp_2213	100.000	1350	0	0	1	1350	1	1350	0.0	2494
220668.9.peg.1871	lp_2216	100.000	270	0	0	1	270	1	270	2.57e-142	499
220668.9.peg.1877	lp_2222	100.000	804	0	0	1	804	1	804	0.0	1485
220668.9.peg.1878	lp_2223	100.000	663	0	0	1	663	1	663	0.0	1225
220668.9.peg.1895	lp_2240	99.928	1386	1	0	1	1386	1	1386	0.0	2555
220668.9.peg.1896	lp_2242	100.000	1194	0	0	1	1194	1	1194	0.0	2206
220668.9.peg.1904	lp_2251	100.000	921	0	0	1	921	1	921	0.0	1701
220668.9.peg.1921	lp_2270	100.000	312	0	0	1	312	1	312	1.34e-165	577
220668.9.peg.1927	lp_2277	100.000	2643	0	0	1	2643	1	2643	0.0	4881
220668.9.peg.1929	lp_2279	100.000	957	0	0	1	957	1	957	0.0	1768
220668.9.peg.1947	lp_2303	100.000	585	0	0	1	585	1	585	0.0	1081
220668.9.peg.1952	lp_2308	100.000	1353	0	0	1	1353	1	1353	0.0	2499
220668.9.peg.1962	lp_2321	100.000	1335	0	0	1	1335	1	1335	0.0	2466
220668.9.peg.1963	lp_2322	100.000	2670	0	0	1	2670	1	2670	0.0	4931
220668.9.peg.1965	lp_2324	100.000	1239	0	0	1	1239	1	1239	0.0	2289
220668.9.peg.1970	lp_2331	100.000	609	0	0	1	609	1	609	0.0	1125
220668.9.peg.1975	lp_2336	100.000	2256	0	0	1	2256	1	2256	0.0	4167
220668.9.peg.1981	lp_2344	100.000	1476	0	0	1	1476	85	1560	0.0	2726
220668.9.peg.1982	lp_2345	100.000	1113	0	0	1	1113	1	1113	0.0	2056
220668.9.peg.1985	lp_2349	100.000	918	0	0	1	918	1	918	0.0	1696
220668.9.peg.1986	lp_2350	100.000	825	0	0	1	825	1	825	0.0	1524
220668.9.peg.1987	lp_2351	100.000	693	0	0	1	693	1	693	0.0	1280
220668.9.peg.1995	lp_2361	100.000	1317	0	0	1	1317	1	1317	0.0	2433
220668.9.peg.1996	lp_2363	100.000	429	0	0	1	429	1	429	0.0	793
220668.9.peg.1997	lp_2364	100.000	1404	0	0	1	1404	1	1404	0.0	2593
220668.9.peg.1998	lp_2365	100.000	945	0	0	1	945	1	945	0.0	1746
220668.9.peg.1999	lp_2366	100.000	1515	0	0	1	1515	1	1515	0.0	2798
220668.9.peg.2000	lp_2367	100.000	546	0	0	1	546	1	546	0.0	1009
220668.9.peg.2001	lp_2368	100.000	516	0	0	1	516	1	516	0.0	953
220668.9.peg.2002	lp_2369	100.000	213	0	0	1	213	1	213	9.62e-111	394
220668.9.peg.2003	lp_2370	99.720	714	2	0	1	714	1	714	0.0	1308
220668.9.peg.2004	lp_2371	100.000	1281	0	0	1	1281	1	1281	0.0	2366
220668.9.peg.2006	lp_2374	100.000	630	0	0	1	630	1	630	0.0	1164
220668.9.peg.2011	lp_2379	100.000	579	0	0	10	588	1	579	0.0	1070
220668.9.peg.2014	lp_2384	100.000	966	0	0	1	966	1	966	0.0	1784
220668.9.peg.2104	lp_2498	100.000	1578	0	0	1	1578	1	1578	0.0	2915
220668.9.peg.2107	lp_2502	100.000	1353	0	0	1	1353	1	1353	0.0	2499
220668.9.peg.2129	lp_2531	100.000	1989	0	0	1	1989	1	1989	0.0	3674
220668.9.peg.2133	lp_2536	100.000	1287	0	0	1	1287	1	1287	0.0	2377
220668.9.peg.2140	lp_2548	100.000	858	0	0	1	858	4	861	0.0	1585
220668.9.peg.2142	lp_2550	100.000	555	0	0	1	555	1	555	0.0	1026
220668.9.peg.2143	lp_2551	100.000	1071	0	0	1	1071	1	1071	0.0	1978
220668.9.peg.2150	lp_2559	100.000	1287	0	0	1	1287	1	1287	0.0	2377
220668.9.peg.2155	lp_2565	100.000	909	0	0	1	909	1	909	0.0	1679
220668.9.peg.2169	lp_2582	100.000	1794	0	0	1	1794	1	1794	0.0	3314
220668.9.peg.2170	lp_2585	99.900	996	1	0	1	996	1	996	0.0	1834
220668.9.peg.2175	lp_2591	100.000	957	0	0	1	957	1	957	0.0	1768
220668.9.peg.2179	lp_2596	100.000	804	0	0	1	804	1	804	0.0	1485
220668.9.peg.2181	lp_2598	100.000	2439	0	0	1	2439	7	2445	0.0	4505
220668.9.peg.2190	lp_2608	100.000	2004	0	0	1	2004	1	2004	0.0	3701
220668.9.peg.2194	lp_2612	100.000	555	0	0	1	555	1	555	0.0	1026
220668.9.peg.2206	lp_2629	99.943	1758	1	0	1	1758	1	1758	0.0	3241
220668.9.peg.2209	lp_2634	100.000	1122	0	0	124	1245	1	1122	0.0	2073
220668.9.peg.2215	lp_2643	100.000	1014	0	0	1	1014	1	1014	0.0	1873
220668.9.peg.2227	lp_2659	100.000	2367	0	0	1	2367	1	2367	0.0	4372
220668.9.peg.2239	lp_2673	100.000	486	0	0	1	486	1	486	0.0	898
220668.9.peg.2246	lp_2683	100.000	1365	0	0	1	1365	1	1365	0.0	2521
220668.9.peg.2248	lp_2685	100.000	870	0	0	1	870	1	870	0.0	1607
220668.9.peg.2259	lp_2699	100.000	918	0	0	1	918	1	918	0.0	1696
220668.9.peg.2264	lp_2704	100.000	543	0	0	1	543	1	543	0.0	1003
220668.9.peg.2268	lp_2712	100.000	1173	0	0	1	1173	136	1308	0.0	2167
220668.9.peg.2283	lp_2728	100.000	1131	0	0	1	1131	1	1131	0.0	2089
220668.9.peg.2284	lp_2729	100.000	483	0	0	4	486	1	483	0.0	893
220668.9.peg.2287	lp_2734	100.000	1011	0	0	1	1011	1	1011	0.0	1868
220668.9.peg.2303	lp_2751	100.000	1197	0	0	1	1197	1	1197	0.0	2211
220668.9.peg.2308	lp_2758	100.000	1494	0	0	1	1494	1	1494	0.0	2760
220668.9.peg.2312	lp_2762	100.000	561	0	0	1	561	7	567	0.0	1037
220668.9.peg.2314	lp_2764	100.000	747	0	0	1	747	1	747	0.0	1380
220668.9.peg.2320	lp_2771	100.000	1434	0	0	1	1434	1	1434	0.0	2649
220668.9.peg.2324	lp_2776	100.000	1311	0	0	1	1311	1	1311	0.0	2422
220668.9.peg.2325	lp_2777	100.000	1443	0	0	1	1443	1	1443	0.0	2665
220668.9.peg.2326	lp_2778	100.000	1440	0	0	1	1440	1	1440	0.0	2660
220668.9.peg.2327	lp_2780	100.000	348	0	0	1	348	1	348	0.0	643
220668.9.peg.2328	lp_2781	100.000	318	0	0	1	318	1	318	6.32e-169	588
220668.9.peg.2343	lp_2798	100.000	774	0	0	1	774	1	774	0.0	1430
220668.9.peg.2350	lp_2807	100.000	1257	0	0	1	1257	1	1257	0.0	2322
220668.9.peg.2358	lp_2818	99.692	1299	4	0	1	1299	1	1299	0.0	2377
220668.9.peg.2364	lp_2826	100.000	540	0	0	1	540	1	540	0.0	998
220668.9.peg.2368	lp_2830	100.000	1401	0	0	1	1401	1	1401	0.0	2588
220668.9.peg.2377	lp_2843	100.000	1509	0	0	1	1509	1	1509	0.0	2787
220668.9.peg.2378	lp_2844	100.000	1545	0	0	1	1545	1	1545	0.0	2854
220668.9.peg.2385	lp_2852	100.000	321	0	0	1	321	1	321	1.37e-170	593
220668.9.peg.2405	lp_2873	100.000	1041	0	0	1	1041	1	1041	0.0	1923
220668.9.peg.2449	lp_2932	100.000	2223	0	0	40	2262	1	2223	0.0	4106
220668.9.peg.2464	lp_2953	100.000	654	0	0	1	654	88	741	0.0	1208
220668.9.peg.2474	lp_2965	100.000	888	0	0	1	888	1	888	0.0	1640
220668.9.peg.2477	lp_2968	100.000	654	0	0	1	654	1	654	0.0	1208
220668.9.peg.2478	lp_2969	100.000	1983	0	0	1	1983	1	1983	0.0	3663
220668.9.peg.2497	lp_2992	100.000	1593	0	0	1	1593	1	1593	0.0	2942
220668.9.peg.2505	lp_3001	100.000	3225	0	0	1	3225	1	3225	0.0	5956
220668.9.peg.2505	lp_3001	85.774	239	34	0	2659	2897	2602	2840	2.82e-67	254
220668.9.peg.2505	lp_3001	85.774	239	34	0	2602	2840	2659	2897	2.82e-67	254
220668.9.peg.2512	lp_3009	100.000	327	0	0	1	327	1	327	6.46e-174	604
220668.9.peg.2513	lp_3010	99.932	1473	1	0	1	1473	1	1473	0.0	2715
220668.9.peg.2514	lp_3011	100.000	1383	0	0	1	1383	1	1383	0.0	2555
220668.9.peg.2521	lp_3018	100.000	894	0	0	1	894	1	894	0.0	1652
220668.9.peg.2550	lp_3051	100.000	1173	0	0	1	1173	1	1173	0.0	2167
220668.9.peg.2551	lp_3054	100.000	1122	0	0	1	1122	1	1122	0.0	2073
220668.9.peg.2582	lp_3092	100.000	1413	0	0	1	1413	1	1413	0.0	2610
220668.9.peg.2596	lp_3106	100.000	996	0	0	1	996	1	996	0.0	1840
220668.9.peg.2616	lp_3128	100.000	468	0	0	1	468	1	468	0.0	865
220668.9.peg.2620	lp_3132	100.000	1452	0	0	1	1452	1	1452	0.0	2682
220668.9.peg.2621	lp_3133	100.000	1848	0	0	1	1848	1	1848	0.0	3413
220668.9.peg.2639	lp_3156	100.000	231	0	0	1	231	1	231	1.04e-120	427
220668.9.peg.2684	lp_3214	100.000	690	0	0	1	690	127	816	0.0	1275
220668.9.peg.2686	lp_3216	100.000	318	0	0	1	318	1	318	6.32e-169	588
220668.9.peg.2688	lp_3218	100.000	936	0	0	1	936	1	936	0.0	1729
220668.9.peg.2689	lp_3219	100.000	1926	0	0	1	1926	1	1926	0.0	3557
220668.9.peg.2698	lp_3229	100.000	1950	0	0	1	1950	1	1950	0.0	3602
220668.9.peg.2706	lp_3240	100.000	1995	0	0	1	1995	1	1995	0.0	3685
220668.9.peg.2723	lp_3262	100.000	1497	0	0	1	1497	1	1497	0.0	2765
220668.9.peg.2724	lp_3263	100.000	882	0	0	1	882	1	882	0.0	1629
220668.9.peg.2726	lp_3266	100.000	1113	0	0	1	1113	1	1113	0.0	2056
220668.9.peg.2729	lp_3269	100.000	1299	0	0	1	1299	1	1299	0.0	2399
220668.9.peg.2733	lp_3273	100.000	1449	0	0	1	1449	1	1449	0.0	2676
220668.9.peg.2745	lp_3288	100.000	888	0	0	1	888	1	888	0.0	1640
220668.9.peg.2750	lp_3294	100.000	1149	0	0	1	1149	1	1149	0.0	2122
220668.9.peg.2752	lp_3296	100.000	1365	0	0	1	1365	1	1365	0.0	2521
220668.9.peg.2753	lp_3297	100.000	570	0	0	1	570	1	570	0.0	1053
220668.9.peg.2758	lp_3302	100.000	792	0	0	1	792	118	909	0.0	1463
220668.9.peg.2764	lp_3313	100.000	2259	0	0	1	2259	1	2259	0.0	4172
220668.9.peg.2765	lp_3314	100.000	822	0	0	1	822	1	822	0.0	1519
220668.9.peg.2779	lp_3334	100.000	1692	0	0	1	1692	1	1692	0.0	3125
220668.9.peg.2784	lp_3339	100.000	1383	0	0	1	1383	1	1383	0.0	2555
220668.9.peg.2804	lp_3363	100.000	2040	0	0	1	2040	1	2040	0.0	3768
220668.9.peg.2813	lp_3374	100.000	1374	0	0	1	1374	1	1374	0.0	2538
220668.9.peg.2832	lp_3400	100.000	1551	0	0	1	1551	1	1551	0.0	2865
220668.9.peg.2834	lp_3403	100.000	861	0	0	1	861	1	861	0.0	1591
220668.9.peg.2837	lp_3407	100.000	828	0	0	1	828	1	828	0.0	1530
220668.9.peg.2850	lp_3420	100.000	1404	0	0	7	1410	1	1404	0.0	2593
220668.9.peg.2859	lp_3431	100.000	714	0	0	1	714	1	714	0.0	1319
220668.9.peg.2863	lp_3436	100.000	753	0	0	1	753	1	753	0.0	1391
220668.9.peg.2864	lp_3437	100.000	321	0	0	1	321	1	321	1.37e-170	593
220668.9.peg.2867	lp_3441	100.000	555	0	0	1	555	1	555	0.0	1026
220668.9.peg.2884	lp_3466	100.000	1392	0	0	1	1392	1	1392	0.0	2571
220668.9.peg.2886	lp_3469	100.000	2052	0	0	1	2052	1	2052	0.0	3790
220668.9.peg.2896	lp_3480	100.000	1464	0	0	1	1464	1	1464	0.0	2704
220668.9.peg.2897	lp_3481	100.000	1005	0	0	1	1005	1	1005	0.0	1857
220668.9.peg.2898	lp_3482	100.000	1164	0	0	1	1164	1	1164	0.0	2150
220668.9.peg.2899	lp_3483	100.000	1881	0	0	1	1881	1	1881	0.0	3474
220668.9.peg.2900	lp_3484	100.000	960	0	0	1	960	1	960	0.0	1773
220668.9.peg.2901	lp_3485	100.000	2217	0	0	1	2217	1	2217	0.0	4095
220668.9.peg.2903	lp_3487	100.000	1035	0	0	1	1035	1	1035	0.0	1912
220668.9.peg.2909	lp_3493	100.000	759	0	0	1	759	1	759	0.0	1402
220668.9.peg.2910	lp_3494	100.000	885	0	0	1	885	1	885	0.0	1635
220668.9.peg.2914	lp_3498	100.000	807	0	0	1	807	79	885	0.0	1491
220668.9.peg.2915	lp_3499	100.000	885	0	0	1	885	1	885	0.0	1635
220668.9.peg.2923	lp_3507	100.000	1338	0	0	1	1338	1	1338	0.0	2471
220668.9.peg.2927	lp_3512	100.000	1461	0	0	1	1461	1	1461	0.0	2699
220668.9.peg.2928	lp_3513	100.000	1875	0	0	1	1875	1	1875	0.0	3463
220668.9.peg.2932	lp_3518	100.000	1458	0	0	1	1458	1	1458	0.0	2693
220668.9.peg.2933	lp_3519	100.000	444	0	0	1	444	1	444	0.0	821
220668.9.peg.2936	lp_3522	100.000	1497	0	0	1	1497	1	1497	0.0	2765
220668.9.peg.2939	lp_3525	100.000	1443	0	0	1	1443	1	1443	0.0	2665
220668.9.peg.2940	lp_3526	100.000	1464	0	0	1	1464	1	1464	0.0	2704
220668.9.peg.2941	lp_3527	100.000	1998	0	0	4	2001	1	1998	0.0	3690
220668.9.peg.2943	lp_3530	100.000	2205	0	0	1	2205	1	2205	0.0	4072
220668.9.peg.2946	lp_3534	100.000	2301	0	0	1	2301	1	2301	0.0	4250
220668.9.peg.2956	lp_3545	100.000	1059	0	0	1	1059	52	1110	0.0	1956
220668.9.peg.2957	lp_3546	100.000	1272	0	0	1	1272	1	1272	0.0	2350
220668.9.peg.2958	lp_3547	100.000	297	0	0	1	297	1	297	2.77e-157	549
220668.9.peg.2959	lp_3548	100.000	471	0	0	1	471	1	471	0.0	870
220668.9.peg.2961	lp_3551	100.000	2391	0	0	1	2391	1	2391	0.0	4416
220668.9.peg.2963	lp_3553	100.000	561	0	0	1	561	1	561	0.0	1037
220668.9.peg.2964	lp_3554	100.000	1425	0	0	1	1425	1	1425	0.0	2632
220668.9.peg.2965	lp_3555	100.000	729	0	0	1	729	1	729	0.0	1347
220668.9.peg.2966	lp_3556	100.000	1602	0	0	1	1602	1	1602	0.0	2959
220668.9.peg.2967	lp_3557	100.000	1401	0	0	1	1401	1	1401	0.0	2588
220668.9.peg.2976	lp_3567	100.000	864	0	0	1	864	1	864	0.0	1596
220668.9.peg.2977	lp_3568	100.000	879	0	0	1	879	1	879	0.0	1624
220668.9.peg.2979	lp_3571	100.000	687	0	0	1	687	1	687	0.0	1269
220668.9.peg.2985	lp_3578	100.000	1455	0	0	1	1455	1	1455	0.0	2687
220668.9.peg.2992	lp_3587	100.000	1755	0	0	1	1755	1	1755	0.0	3241
220668.9.peg.2994	lp_3589	100.000	1812	0	0	1	1812	1	1812	0.0	3347
220668.9.peg.2997	lp_3592	100.000	852	0	0	1	852	1	852	0.0	1574
220668.9.peg.2998	lp_3593	100.000	1284	0	0	1	1284	1	1284	0.0	2372
220668.9.peg.3000	lp_3595	100.000	1467	0	0	1	1467	1	1467	0.0	2710
220668.9.peg.3004	lp_3599	100.000	462	0	0	1	462	1	462	0.0	854
220668.9.peg.3005	lp_3600	100.000	312	0	0	1	312	1	312	1.34e-165	577
220668.9.peg.3006	lp_3601	100.000	1551	0	0	1	1551	1	1551	0.0	2865
220668.9.peg.3008	lp_3604	100.000	1413	0	0	1	1413	1	1413	0.0	2610
220668.9.peg.3011	lp_3607	100.000	903	0	0	1	903	1	903	0.0	1668
220668.9.peg.3013	lp_3611	100.000	1467	0	0	1	1467	1	1467	0.0	2710
220668.9.peg.3017	lp_3615	100.000	936	0	0	1	936	1	936	0.0	1729
220668.9.peg.3020	lp_3618	100.000	375	0	0	1	375	1	375	0.0	693
220668.9.peg.3021	lp_3619	100.000	1014	0	0	1	1014	22	1035	0.0	1873
220668.9.peg.3022	lp_3620	100.000	567	0	0	1	567	1	567	0.0	1048
220668.9.peg.3025	lp_3623	100.000	804	0	0	76	879	1	804	0.0	1485
220668.9.peg.3028	lp_3627	100.000	1677	0	0	1	1677	1	1677	0.0	3097
220668.9.peg.3029	lp_3629	100.000	1386	0	0	1	1386	1	1386	0.0	2560
220668.9.peg.3030	lp_3630	100.000	879	0	0	1	879	1	879	0.0	1624
220668.9.peg.3035	lp_3635	100.000	1137	0	0	1	1137	1	1137	0.0	2100
220668.9.peg.3041	lp_3642	100.000	1473	0	0	1	1473	1	1473	0.0	2721
220668.9.peg.3042	lp_3643	100.000	918	0	0	1	918	1	918	0.0	1696
220668.9.peg.3043	lp_3644	100.000	963	0	0	1	963	1	963	0.0	1779
220668.9.peg.3050	lp_3652	100.000	378	0	0	1	378	1	378	0.0	699
220668.9.peg.3051	lp_3653	100.000	1020	0	0	1	1020	1	1020	0.0	1884
220668.9.peg.3052	lp_3654	100.000	552	0	0	1	552	1	552	0.0	1020
220668.9.peg.3055	lp_3657	100.000	804	0	0	1	804	1	804	0.0	1485
220668.9.peg.3056	lp_3658	100.000	885	0	0	1	885	1	885	0.0	1635
220668.9.peg.3057	lp_3659	100.000	396	0	0	1	396	1	396	0.0	732
220668.9.peg.3058	lp_3660	100.000	921	0	0	1	921	1	921	0.0	1701
220668.9.peg.3060	lp_3662	100.000	2604	0	0	1	2604	1	2604	0.0	4809
220668.9.peg.3078	lp_3686	100.000	1638	0	0	1	1638	1	1638	0.0	3025
220668.9.peg.3081	lp_3688	100.000	345	0	0	1	345	1	345	0.0	638
220668.9.peg.3082	lp_3688a	100.000	135	0	0	4	138	1	135	1.35e-67	250
220668.9.peg.3093	pWCFS103_13	100.000	1296	0	0	1	1296	1	1296	0.0	2394
