WP_003587210_1	lp_3128	100.000	155	0	0	1	155	1	155	1.36e-115	320
WP_003596657_1	lp_1089	100.000	203	0	0	1	203	1	203	8.30e-154	421
WP_003638282_1	lp_1273	100.000	88	0	0	1	88	1	88	3.73e-61	177
WP_003638559_1	lp_1554	100.000	90	0	0	1	90	1	90	7.44e-65	187
WP_003639044_1	lp_2153	100.000	325	0	0	1	325	1	325	0.0	656
WP_003639227_1	lp_2374	100.000	209	0	0	1	209	1	209	4.28e-156	427
WP_003639428_1	lp_2704	100.000	180	0	0	1	180	1	180	9.32e-130	358
WP_003639489_1	lp_2780	100.000	115	0	0	1	115	1	115	2.55e-81	230
WP_003640290_1	lp_1530	100.000	211	0	0	1	211	1	211	4.59e-160	437
WP_003640312_1	lp_1561	100.000	401	0	0	1	401	1	401	0.0	823
WP_003640313_1	lp_1562	100.000	209	0	0	1	209	1	209	9.35e-155	423
WP_003640322_1	lp_1570	100.000	188	0	0	1	188	1	188	1.89e-141	388
WP_003640330_1	lp_1578	100.000	244	0	0	1	244	1	244	0.0	504
WP_003640333_1	lp_1581	100.000	448	0	0	1	448	1	448	0.0	937
WP_003640358_1	lp_1609	100.000	311	0	0	1	311	1	311	0.0	640
WP_003640359_1	lp_1610	100.000	217	0	0	1	217	1	217	2.20e-154	423
WP_003640361_1	lp_1612	100.000	206	0	0	1	206	1	206	4.81e-152	416
WP_003640376_1	lp_1629	100.000	81	0	0	1	81	1	81	1.99e-53	157
WP_003640390_1	lp_1648	100.000	254	0	0	1	254	1	254	0.0	518
WP_003640393_1	lp_1653	100.000	191	0	0	1	191	1	191	2.43e-142	390
WP_003640398_1	lp_1658	100.000	264	0	0	1	264	1	264	0.0	528
WP_003640414_1	lp_1676	100.000	153	0	0	1	153	1	153	1.50e-110	307
WP_003640415_1	lp_1677	100.000	137	0	0	1	137	1	137	1.16e-99	278
WP_003640451_1	lp_1713	100.000	441	0	0	1	441	1	441	0.0	917
WP_003640453_1	lp_1716	100.000	258	0	0	1	258	1	258	0.0	522
WP_003640469_1	lp_1735	100.000	312	0	0	1	312	1	312	0.0	635
WP_003640478_1	lp_1746	100.000	285	0	0	1	285	1	285	0.0	585
WP_003640480_1	lp_1748	100.000	553	0	0	1	553	1	553	0.0	1085
WP_003640482_1	lp_1750	100.000	317	0	0	1	317	1	317	0.0	647
WP_003640552_1	lp_1835	100.000	171	0	0	1	171	1	171	1.03e-129	357
WP_003640554_1	lp_1837	100.000	309	0	0	1	309	1	309	0.0	627
WP_003640578_1	lp_1869	100.000	163	0	0	1	163	1	163	2.71e-122	338
WP_003640579_1	lp_1870	100.000	316	0	0	1	316	1	316	0.0	659
WP_003640588_1	lp_1881	100.000	436	0	0	1	436	1	436	0.0	887
WP_003640589_1	lp_1882	100.000	429	0	0	1	429	1	429	0.0	852
WP_003640590_1	lp_1883	100.000	228	0	0	1	228	1	228	7.61e-169	461
WP_003640595_1	lp_1888	100.000	238	0	0	1	238	1	238	4.56e-176	480
WP_003640603_1	lp_1897	100.000	586	0	0	1	586	1	586	0.0	1186
WP_003640604_1	lp_1898	100.000	320	0	0	1	320	1	320	0.0	647
WP_003640679_1	lp_1967	100.000	302	0	0	1	302	1	302	0.0	618
WP_003640696_1	lp_1987	100.000	755	0	0	1	755	1	755	0.0	1565
WP_003640705_1	lp_2017	100.000	80	0	0	1	80	1	80	2.99e-54	159
WP_003640706_1	lp_2018	100.000	404	0	0	1	404	1	404	0.0	819
WP_003640707_1	lp_2019	100.000	508	0	0	1	508	1	508	0.0	1046
WP_003640716_1	lp_2032	100.000	307	0	0	1	307	1	307	0.0	636
WP_003640717_1	lp_2033	100.000	173	0	0	1	173	1	173	1.36e-124	344
WP_003640737_1	lp_2053	100.000	240	0	0	1	240	1	240	2.49e-179	488
WP_003640740_1	lp_2056	100.000	240	0	0	1	240	1	240	0.0	494
WP_003640741_1	lp_2057	100.000	332	0	0	1	332	1	332	0.0	678
WP_003640768_1	lp_2086	100.000	172	0	0	1	172	1	172	9.73e-127	350
WP_003640771_1	lp_2089	100.000	263	0	0	1	263	1	263	0.0	538
WP_003640790_1	lp_2110	100.000	246	0	0	1	246	1	246	0.0	504
WP_003640791_1	lp_2111	100.000	491	0	0	1	491	1	491	0.0	1003
WP_003640798_1	lp_2119	100.000	395	0	0	1	395	1	395	0.0	793
WP_003640801_1	lp_2123	100.000	290	0	0	1	290	1	290	0.0	588
WP_003640806_1	lp_2130	100.000	161	0	0	2	162	1	161	3.10e-121	335
WP_003640809_1	lp_2133	100.000	163	0	0	1	163	1	163	9.15e-123	339
WP_003640819_1	lp_2147	100.000	257	0	0	1	257	1	257	0.0	521
WP_003640822_1	lp_2151	100.000	470	0	0	1	470	1	470	0.0	954
WP_003640836_1	lp_2170	100.000	221	0	0	1	221	1	221	2.33e-167	456
WP_003640857_1	lp_2196	100.000	363	0	0	1	363	1	363	0.0	734
WP_003640859_1	lp_2199	100.000	321	0	0	1	321	1	321	0.0	635
WP_003640865_1	lp_2206	100.000	319	0	0	1	319	1	319	0.0	654
WP_003640878_1	lp_2222	100.000	267	0	0	1	267	1	267	0.0	555
WP_003640879_1	lp_2223	100.000	220	0	0	1	220	1	220	1.06e-167	457
WP_003640894_1	lp_0559	100.000	273	0	0	1	273	1	273	0.0	552
WP_003640900_1	lp_0566	100.000	275	0	0	1	275	1	275	0.0	562
WP_003640905_1	lp_0571	100.000	428	0	0	1	428	1	428	0.0	878
WP_003640906_1	lp_0572	100.000	291	0	0	1	291	1	291	0.0	576
WP_003640914_1	lp_0587	100.000	172	0	0	1	172	1	172	3.37e-125	346
WP_003640919_1	lp_0592	100.000	257	0	0	1	257	1	257	0.0	512
WP_003640923_1	lp_0597	100.000	225	0	0	1	225	1	225	2.85e-171	466
WP_003640926_1	lp_0602	100.000	227	0	0	1	227	1	227	1.01e-167	457
WP_003640932_1	lp_0609	100.000	496	0	0	1	496	1	496	0.0	1027
WP_003640950_1	lp_0692	100.000	336	0	0	1	336	1	336	0.0	692
WP_003640954_1	lp_0696	100.000	168	0	0	1	168	1	168	2.56e-126	348
WP_003641001_1	lp_0748	100.000	294	0	0	1	294	1	294	0.0	575
WP_003641002_1	lp_0749	100.000	269	0	0	1	269	1	269	0.0	558
WP_003641003_1	lp_0750	100.000	251	0	0	1	251	1	251	0.0	520
WP_003641010_1	lp_0757	100.000	306	0	0	1	306	1	306	0.0	622
WP_003641020_1	lp_0761	100.000	312	0	0	1	312	1	312	0.0	634
WP_003641026_1	lp_0769	100.000	185	0	0	1	185	1	185	9.63e-140	384
WP_003641027_1	lp_0770	100.000	398	0	0	1	398	1	398	0.0	799
WP_003641031_1	lp_0774	100.000	158	0	0	1	158	1	158	5.53e-119	329
WP_003641033_1	lp_0775	100.000	411	0	0	1	411	1	411	0.0	843
WP_003641045_1	lp_0790	100.000	400	0	0	1	400	1	400	0.0	794
WP_003641060_1	lp_0807	100.000	325	0	0	1	325	1	325	0.0	658
WP_003641066_1	lp_0813	100.000	300	0	0	1	300	1	300	0.0	613
WP_003641067_1	lp_0814	100.000	302	0	0	1	302	1	302	0.0	620
WP_003641075_1	lp_0822	100.000	605	0	0	1	605	1	605	0.0	1228
WP_003641095_1	lp_0842	100.000	718	0	0	1	718	1	718	0.0	1493
WP_003641112_1	lp_0863	100.000	272	0	0	1	272	1	272	0.0	541
WP_003641125_1	lp_0878	100.000	246	0	0	1	246	1	246	0.0	504
WP_003641128_1	lp_0883	100.000	217	0	0	1	217	1	217	4.28e-157	430
WP_003641141_1	lp_0896	100.000	431	0	0	1	431	1	431	0.0	882
WP_003641152_1	lp_0913	100.000	309	0	0	1	309	1	309	0.0	642
WP_003641212_1	lp_0975	100.000	466	0	0	1	466	1	466	0.0	936
WP_003641236_1	lp_1008	100.000	483	0	0	1	483	1	483	0.0	962
WP_003641239_1	lp_1011	100.000	211	0	0	1	211	1	211	2.26e-157	430
WP_003641276_1	lp_1074	100.000	295	0	0	1	295	1	295	0.0	603
WP_003641277_1	lp_1075	100.000	266	0	0	1	266	1	266	0.0	541
WP_003641296_1	lp_1097	100.000	313	0	0	1	313	1	313	0.0	647
WP_003641299_1	lp_1102	100.000	472	0	0	1	472	1	472	0.0	929
WP_003641300_1	lp_1103	100.000	320	0	0	1	320	1	320	0.0	656
WP_003641301_1	lp_1105	100.000	386	0	0	1	386	1	386	0.0	764
WP_003641303_1	lp_1107	100.000	96	0	0	1	96	1	96	1.20e-66	192
WP_003641313_1	lp_1112	100.000	460	0	0	1	460	1	460	0.0	941
WP_003641324_1	lp_1125	100.000	479	0	0	1	479	1	479	0.0	980
WP_003641325_1	lp_1126	100.000	331	0	0	1	331	1	331	0.0	659
WP_003641327_1	lp_1129	100.000	586	0	0	1	586	1	586	0.0	1200
WP_003641332_1	lp_1135	100.000	304	0	0	1	304	1	304	0.0	618
WP_003641335_1	lp_1139	100.000	195	0	0	1	195	1	195	2.45e-144	396
WP_003641344_1	lp_1150	100.000	340	0	0	1	340	1	340	0.0	695
WP_003641422_1	lp_2394	100.000	629	0	0	1	629	1	629	0.0	1297
WP_003641437_1	lp_2371	100.000	426	0	0	1	426	1	426	0.0	842
WP_003641452_1	lp_2352	100.000	343	0	0	1	343	1	343	0.0	695
WP_003641476_1	lp_2330	100.000	153	0	0	1	153	1	153	1.01e-113	315
WP_003641492_1	lp_2314	100.000	213	0	0	1	213	1	213	2.97e-152	417
WP_003641493_1	lp_2313	100.000	213	0	0	1	213	1	213	5.07e-160	437
WP_003641494_1	lp_2312	100.000	279	0	0	1	279	1	279	0.0	569
WP_003641528_1	lp_2270	100.000	103	0	0	1	103	1	103	2.69e-75	214
WP_003641531_1	lp_2267	100.000	202	0	0	1	202	1	202	4.56e-151	414
WP_003641534_1	lp_2264	100.000	236	0	0	1	236	1	236	4.60e-170	464
WP_003641561_1	lp_2235	100.000	263	0	0	1	263	1	263	0.0	539
WP_003641563_1	lp_2232	100.000	218	0	0	1	218	1	218	3.56e-162	443
WP_003641580_1	lp_3635	100.000	378	0	0	1	378	1	378	0.0	784
WP_003641588_1	lp_3644	100.000	320	0	0	1	320	1	320	0.0	643
WP_003641597_1	lp_3653	100.000	339	0	0	1	339	1	339	0.0	681
WP_003641598_1	lp_3654	100.000	183	0	0	1	183	1	183	1.11e-136	375
WP_003641602_1	lp_3658	100.000	294	0	0	1	294	1	294	0.0	569
WP_003641603_1	lp_3659	100.000	131	0	0	1	131	1	131	3.63e-96	269
WP_003641604_1	lp_3660	100.000	306	0	0	1	306	1	306	0.0	616
WP_003641609_1	lp_3665	100.000	178	0	0	1	178	1	178	2.24e-135	372
WP_003641622_1	lp_3682	100.000	463	0	0	1	463	1	463	0.0	944
WP_003641641_1	lp_0017	100.000	412	0	0	1	412	1	412	0.0	844
WP_003641645_1	lp_0021	100.000	379	0	0	1	379	1	379	0.0	789
WP_003641646_1	lp_0022	100.000	390	0	0	1	390	1	390	0.0	808
WP_003641650_1	lp_0026	100.000	255	0	0	1	255	1	255	0.0	526
WP_003641651_1	lp_0027	100.000	223	0	0	1	223	1	223	6.00e-166	453
WP_003641660_1	lp_0043	100.000	420	0	0	1	420	1	420	0.0	816
WP_003641672_1	lp_0059	100.000	141	0	0	1	141	1	141	2.93e-104	290
WP_003641684_1	lp_0073	100.000	222	0	0	1	222	1	222	1.99e-169	462
WP_003641709_1	lp_0102	100.000	328	0	0	1	328	1	328	0.0	654
WP_003641716_1	lp_0109	100.000	276	0	0	1	276	1	276	0.0	565
WP_003641725_1	lp_0120	100.000	454	0	0	1	454	1	454	0.0	905
WP_003641746_1	lp_0148	100.000	279	0	0	1	279	1	279	0.0	567
WP_003641759_1	lp_0163	100.000	513	0	0	1	513	1	513	0.0	1016
WP_003641762_1	lp_0166	100.000	329	0	0	1	329	1	329	0.0	680
WP_003641763_1	lp_0168	100.000	332	0	0	1	332	1	332	0.0	676
WP_003641764_1	lp_0169	100.000	193	0	0	1	193	1	193	1.77e-140	386
WP_003641765_1	lp_0170	100.000	122	0	0	1	122	1	122	4.73e-86	243
WP_003641766_1	lp_0171	100.000	235	0	0	1	235	1	235	2.03e-168	460
WP_003641771_1	lp_0176	100.000	429	0	0	1	429	1	429	0.0	853
WP_003641776_1	lp_0181	100.000	756	0	0	1	756	1	756	0.0	1575
WP_003641780_1	lp_0184	100.000	288	0	0	1	288	1	288	0.0	590
WP_003641781_1	lp_0185	100.000	651	0	0	1	651	1	651	0.0	1304
WP_003641784_1	lp_0189	100.000	558	0	0	1	558	1	558	0.0	1166
WP_003641795_1	lp_0203	100.000	392	0	0	1	392	1	392	0.0	791
WP_003641796_1	lp_0204	100.000	357	0	0	1	357	1	357	0.0	728
WP_003641817_1	lp_0226	100.000	237	0	0	1	237	1	237	1.98e-178	486
WP_003641824_1	lp_0232	100.000	149	0	0	1	149	1	149	3.65e-109	303
WP_003641836_1	lp_0256	100.000	303	0	0	1	303	1	303	0.0	613
WP_003641837_1	lp_0257	100.000	263	0	0	1	263	1	263	0.0	544
WP_003641867_1	lp_0293	100.000	230	0	0	1	230	1	230	2.53e-172	469
WP_003641891_1	lp_0315	100.000	356	0	0	1	356	1	356	0.0	742
WP_003641892_1	lp_0316	100.000	271	0	0	1	271	1	271	0.0	540
WP_003641904_1	lp_0330	100.000	287	0	0	1	287	1	287	0.0	587
WP_003641920_1	lp_0343	100.000	271	0	0	1	271	1	271	0.0	545
WP_003641921_1	lp_0344	100.000	363	0	0	1	363	1	363	0.0	746
WP_003641930_1	lp_0355	100.000	501	0	0	1	501	1	501	0.0	1038
WP_003641936_1	lp_0362	100.000	190	0	0	1	190	1	190	5.77e-138	379
WP_003641941_1	lp_0368	100.000	323	0	0	1	323	1	323	0.0	664
WP_003641945_1	lp_0372	100.000	240	0	0	1	240	1	240	2.46e-170	465
WP_003641976_1	lp_0411	100.000	399	0	0	1	399	1	399	0.0	816
WP_003641998_1	lp_0436	100.000	453	0	0	1	453	1	453	0.0	896
WP_003642030_1	lp_0466	100.000	278	0	0	1	278	1	278	0.0	558
WP_003642031_1	lp_0467	100.000	460	0	0	1	460	1	460	0.0	948
WP_003642042_1	lp_0481	100.000	537	0	0	1	537	1	537	0.0	1108
WP_003642044_1	lp_0502	100.000	426	0	0	1	426	1	426	0.0	842
WP_003642050_1	lp_0510	100.000	426	0	0	1	426	1	426	0.0	857
WP_003642061_1	lp_0522	100.000	120	0	0	1	120	1	120	1.84e-87	246
WP_003642062_1	lp_0523	100.000	375	0	0	1	375	1	375	0.0	773
WP_003642071_1	lp_0530	100.000	248	0	0	1	248	1	248	3.93e-177	483
WP_003642078_1	lp_0537	100.000	320	0	0	1	320	1	320	0.0	645
WP_003642086_1	lp_0546	100.000	180	0	0	1	180	1	180	3.82e-131	361
WP_003642105_1	lp_2823	100.000	226	0	0	1	226	1	226	2.92e-170	464
WP_003642108_1	lp_2826	100.000	179	0	0	1	179	1	179	4.87e-136	374
WP_003642147_1	lp_2873	100.000	346	0	0	1	346	1	346	0.0	707
WP_003642199_1	lp_2926	100.000	80	0	0	1	80	1	80	1.54e-55	162
WP_003642201_1	lp_2929	100.000	376	0	0	1	376	1	376	0.0	771
WP_003642213_1	lp_2943	100.000	459	0	0	1	459	1	459	0.0	901
WP_003642221_1	lp_2954	100.000	364	0	0	1	364	1	364	0.0	707
WP_003642244_1	lp_2982	100.000	259	0	0	1	259	1	259	0.0	528
WP_003642246_1	lp_2984	100.000	292	0	0	1	292	1	292	0.0	577
WP_003642267_1	lp_3009	100.000	108	0	0	1	108	1	108	1.61e-77	220
WP_003642284_1	lp_3026	100.000	247	0	0	1	247	1	247	0.0	504
WP_003642294_1	lp_3040	100.000	593	0	0	1	593	1	593	0.0	1213
WP_003642307_1	lp_3054	100.000	373	0	0	1	373	1	373	0.0	766
WP_003642330_1	lp_3082	100.000	401	0	0	1	401	1	401	0.0	778
WP_003642338_1	lp_3092	100.000	470	0	0	1	470	1	470	0.0	965
WP_003642342_1	lp_3096	100.000	242	0	0	1	242	1	242	0.0	498
WP_003642344_1	lp_3098	100.000	345	0	0	1	345	1	345	0.0	707
WP_003642350_1	lp_3104	100.000	264	0	0	1	264	1	264	0.0	536
WP_003642355_1	lp_3110	100.000	248	0	0	1	248	1	248	0.0	499
WP_003642374_1	lp_3132	100.000	483	0	0	1	483	1	483	0.0	1010
WP_003642375_1	lp_3133	100.000	615	0	0	1	615	1	615	0.0	1237
WP_003642405_1	lp_3170	100.000	230	0	0	1	230	1	230	3.29e-172	469
WP_003642420_1	lp_3185	100.000	261	0	0	1	261	1	261	0.0	525
WP_003642427_1	lp_3194	100.000	383	0	0	1	383	1	383	0.0	771
WP_003642429_1	lp_3196	100.000	366	0	0	1	366	1	366	0.0	733
WP_003642434_1	lp_3204	100.000	427	0	0	1	427	1	427	0.0	848
WP_003642438_1	lp_3207	100.000	408	0	0	1	408	1	408	0.0	843
WP_003642441_1	lp_3211	100.000	253	0	0	1	253	1	253	0.0	516
WP_003642442_1	lp_3214	100.000	271	0	0	1	271	1	271	0.0	539
WP_003642453_1	lp_3225	100.000	216	0	0	1	216	1	216	2.85e-163	446
WP_003642475_1	lp_3251	100.000	290	0	0	1	290	1	290	0.0	597
WP_003642507_1	lp_3288	100.000	295	0	0	1	295	1	295	0.0	593
WP_003642512_1	lp_3294	100.000	382	0	0	1	382	1	382	0.0	788
WP_003642515_1	lp_3297	100.000	189	0	0	1	189	1	189	1.22e-143	394
WP_003642516_1	lp_3298	100.000	170	0	0	1	170	1	170	2.17e-126	348
WP_003642522_1	lp_2803	100.000	287	0	0	1	287	1	287	0.0	597
WP_003642526_1	lp_2799	100.000	478	0	0	1	478	1	478	0.0	959
WP_003642531_1	lp_2794	100.000	148	0	0	1	148	1	148	3.60e-105	293
WP_003642534_1	lp_2790	100.000	316	0	0	1	316	1	316	0.0	642
WP_003642544_1	lp_2777	100.000	480	0	0	1	480	1	480	0.0	1004
WP_003642565_1	lp_2751	100.000	398	0	0	1	398	1	398	0.0	829
WP_003642577_1	lp_2739	100.000	252	0	0	1	252	1	252	0.0	516
WP_003642578_1	lp_2738	100.000	324	0	0	1	324	1	324	0.0	661
WP_003642580_1	lp_2736	100.000	211	0	0	1	211	1	211	8.97e-160	436
WP_003642587_1	lp_2727	100.000	243	0	0	1	243	1	243	0.0	499
WP_003642588_1	lp_2726	100.000	84	0	0	1	84	1	84	1.66e-59	172
WP_003642591_1	lp_2723	100.000	484	0	0	1	484	1	484	0.0	997
WP_003642610_1	lp_2698	100.000	237	0	0	1	237	1	237	1.12e-176	481
WP_003642628_1	lp_2673	100.000	161	0	0	1	161	1	161	2.31e-120	332
WP_003642650_1	lp_2643	100.000	337	0	0	1	337	1	337	0.0	700
WP_003642657_1	lp_2633	100.000	106	0	0	1	106	1	106	1.05e-77	220
WP_003642674_1	lp_2612	100.000	184	0	0	1	184	1	184	1.22e-138	380
WP_003642687_1	lp_2589	100.000	294	0	0	1	294	1	294	0.0	615
WP_003642692_1	lp_2585	100.000	331	0	0	1	331	1	331	0.0	680
WP_003642695_1	lp_2582	100.000	597	0	0	1	597	1	597	0.0	1231
WP_003642710_1	lp_2563	100.000	278	0	0	1	278	1	278	0.0	580
WP_003642712_1	lp_2560	100.000	218	0	0	1	218	1	218	5.91e-161	440
WP_003642716_1	lp_2556	100.000	239	0	0	1	239	1	239	7.23e-177	482
WP_003642719_1	lp_2552	100.000	106	0	0	1	106	1	106	8.00e-75	213
WP_003642739_1	lp_2525	100.000	517	0	0	1	517	1	517	0.0	1070
WP_003642758_1	lp_2503	100.000	285	0	0	1	285	1	285	0.0	556
WP_003642759_1	lp_2502	100.000	450	0	0	1	450	1	450	0.0	927
WP_003642835_1	lp_3312	100.000	329	0	0	1	329	1	329	0.0	683
WP_003642836_1	lp_3313	100.000	752	0	0	1	752	1	752	0.0	1563
WP_003642837_1	lp_3314	100.000	273	0	0	1	273	1	273	0.0	574
WP_003642839_1	lp_3318	100.000	306	0	0	1	306	1	306	0.0	633
WP_003642847_1	lp_3324	100.000	555	0	0	1	555	1	555	0.0	1127
WP_003642848_1	lp_3327	100.000	614	0	0	1	614	1	614	0.0	1228
WP_003642879_1	lp_3517	100.000	387	0	0	1	387	1	387	0.0	809
WP_003642887_1	lp_3523	100.000	296	0	0	1	296	1	296	0.0	603
WP_003642889_1	lp_3525	100.000	480	0	0	1	480	1	480	0.0	1001
WP_003642905_1	lp_3543	100.000	683	0	0	1	683	1	683	0.0	1406
WP_003642906_1	lp_3544	100.000	207	0	0	1	207	1	207	3.52e-155	424
WP_003642908_1	lp_3546	100.000	423	0	0	1	423	1	423	0.0	830
WP_003642909_1	lp_3547	100.000	98	0	0	1	98	1	98	6.39e-68	195
WP_003642910_1	lp_3548	100.000	156	0	0	1	156	1	156	1.75e-114	317
WP_003642912_1	lp_3551	100.000	796	0	0	1	796	1	796	0.0	1644
WP_003642915_1	lp_3554	100.000	474	0	0	1	474	1	474	0.0	983
WP_003642916_1	lp_3555	100.000	242	0	0	1	242	1	242	0.0	499
WP_003642927_1	lp_3579	100.000	145	0	0	1	145	1	145	4.74e-107	298
WP_003642933_1	lp_3586	100.000	366	0	0	1	366	1	366	0.0	743
WP_003642939_1	lp_3592	100.000	283	0	0	1	283	1	283	0.0	591
WP_003642942_1	lp_3595	100.000	488	0	0	1	488	1	488	0.0	1014
WP_003643022_1	lp_3436	100.000	250	0	0	1	250	1	250	0.0	497
WP_003643033_1	lp_3449	100.000	450	0	0	1	450	1	450	0.0	936
WP_003643054_1	lp_3474	100.000	425	0	0	1	425	1	425	0.0	850
WP_003643061_1	lp_3482	100.000	387	0	0	1	387	1	387	0.0	801
WP_003643065_1	lp_3486	100.000	652	0	0	1	652	1	652	0.0	1319
WP_003643068_1	lp_3489	100.000	340	0	0	1	340	1	340	0.0	706
WP_003643073_1	lp_3494	100.000	294	0	0	1	294	1	294	0.0	610
WP_003643078_1	lp_3500	100.000	279	0	0	1	279	1	279	0.0	584
WP_003643083_1	lp_3505	100.000	263	0	0	1	263	1	263	0.0	545
WP_003643121_1	lp_1399	100.000	99	0	0	1	99	1	99	1.90e-69	199
WP_003643136_1	lp_1379	100.000	207	0	0	1	207	1	207	2.50e-157	430
WP_003643163_1	lp_1336	100.000	328	0	0	1	328	1	328	0.0	663
WP_003643169_1	lp_1329	100.000	215	0	0	1	215	1	215	1.53e-161	441
WP_003643171_1	lp_1327	100.000	450	0	0	1	450	1	450	0.0	935
WP_003643172_1	lp_1326	100.000	280	0	0	1	280	1	280	0.0	571
WP_003643178_1	lp_1319	100.000	246	0	0	1	246	1	246	0.0	503
WP_003643221_1	lp_1247	100.000	397	0	0	1	397	1	397	0.0	786
WP_003643222_1	lp_1248	100.000	132	0	0	1	132	1	132	2.93e-97	272
WP_003643223_1	lp_1249	100.000	451	0	0	1	451	1	451	0.0	874
WP_003643239_1	lp_1263	100.000	344	0	0	1	344	1	344	0.0	694
WP_003643240_1	lp_1264	100.000	359	0	0	1	359	1	359	0.0	738
WP_003643241_1	lp_1265	100.000	321	0	0	1	321	1	321	0.0	652
WP_003643296_1	lp_1280	100.000	395	0	0	1	395	1	395	0.0	824
WP_003643310_1	lp_1169	100.000	451	0	0	1	451	1	451	0.0	927
WP_003643400_1	lp_3105	100.000	332	0	0	1	332	1	332	0.0	647
WP_003643473_1	lp_3270	100.000	429	0	0	1	429	1	429	0.0	880
WP_003643475_1	lp_3279	100.000	680	0	0	1	680	1	680	0.0	1383
WP_003643483_1	lp_3295	100.000	195	0	0	1	195	1	195	1.09e-143	394
WP_003643484_1	lp_3296	100.000	454	0	0	1	454	1	454	0.0	916
WP_003643485_1	lp_3299	100.000	122	0	0	1	122	1	122	9.75e-90	252
WP_003643522_1	lp_3404	100.000	250	0	0	1	250	1	250	0.0	506
WP_003643543_1	lp_3437	100.000	106	0	0	1	106	1	106	1.10e-77	220
WP_003643568_1	lp_3507	100.000	445	0	0	1	445	1	445	0.0	885
WP_003643576_1	lp_3545	100.000	352	0	0	1	352	18	369	0.0	732
WP_003643598_1	lp_3643	100.000	305	0	0	1	305	1	305	0.0	617
WP_003643604_1	lp_3661	100.000	332	0	0	1	332	1	332	0.0	686
WP_003643605_1	lp_3662	100.000	867	0	0	1	867	1	867	0.0	1795
WP_003643611_1	lp_0016	100.000	265	0	0	1	265	1	265	0.0	536
WP_003643642_1	lp_0066	100.000	223	0	0	1	223	1	223	3.08e-165	451
WP_003643686_1	lp_0190	100.000	304	0	0	1	304	1	304	0.0	608
WP_003643687_1	lp_0192	100.000	466	0	0	1	466	1	466	0.0	906
WP_003643698_1	lp_0231	100.000	691	0	0	1	691	1	691	0.0	1413
WP_003643705_1	lp_0264	100.000	665	0	0	1	665	1	665	0.0	1322
WP_003643729_1	lp_0310	100.000	398	0	0	1	398	1	398	0.0	811
WP_003643740_1	lp_0317	100.000	277	0	0	1	277	1	277	0.0	548
WP_003643745_1	lp_0331	100.000	438	0	0	1	438	1	438	0.0	871
WP_003643749_1	lp_0336	100.000	187	0	0	1	187	1	187	2.84e-129	357
WP_003643770_1	lp_0367	100.000	508	0	0	1	508	1	508	0.0	1028
WP_003643773_1	lp_0370	100.000	505	0	0	1	505	1	505	0.0	1041
WP_003643774_1	lp_0371	100.000	609	0	0	1	609	1	609	0.0	1247
WP_003643816_1	lp_0439	100.000	451	0	0	1	451	1	451	0.0	903
WP_003643828_1	lp_0460	100.000	288	0	0	1	288	1	288	0.0	598
WP_003643830_1	lp_0471	100.000	326	0	0	1	326	1	326	0.0	662
WP_003643844_1	lp_0518	100.000	462	0	0	1	462	1	462	0.0	949
WP_003643855_1	lp_0551	100.000	490	0	0	1	490	1	490	0.0	977
WP_003643866_1	lp_0567	100.000	884	0	0	1	884	1	884	0.0	1787
WP_003643936_1	lp_0691	100.000	191	0	0	1	191	1	191	5.28e-144	395
WP_003643938_1	lp_0693	100.000	721	0	0	1	721	1	721	0.0	1498
WP_003643943_1	lp_0709	100.000	331	0	0	1	331	1	331	0.0	681
WP_003643945_1	lp_0715	100.000	350	0	0	1	350	1	350	0.0	708
WP_003643947_1	lp_0723	100.000	660	0	0	1	660	1	660	0.0	1355
WP_003643949_1	lp_0733	100.000	300	0	0	1	300	1	300	0.0	604
WP_003643955_1	lp_0747	100.000	309	0	0	1	309	1	309	0.0	613
WP_003643956_1	lp_0754	100.000	315	0	0	1	315	1	315	0.0	647
WP_003643965_1	lp_0765	100.000	236	0	0	1	236	1	236	3.31e-178	485
WP_003643969_1	lp_0773	100.000	951	0	0	1	951	1	951	0.0	1953
WP_003643974_1	lp_0789	100.000	340	0	0	1	340	1	340	0.0	698
WP_003643975_1	lp_0791	100.000	252	0	0	1	252	1	252	0.0	517
WP_003643976_1	lp_0792	100.000	442	0	0	1	442	1	442	0.0	902
WP_003643977_1	lp_0802	100.000	478	0	0	1	478	1	478	0.0	959
WP_003643989_1	lp_0824	100.000	271	0	0	1	271	1	271	0.0	547
WP_003643991_1	lp_0826	100.000	349	0	0	1	349	1	349	0.0	723
WP_003644001_1	lp_0848	100.000	435	0	0	1	435	1	435	0.0	844
WP_003644009_1	lp_0864	100.000	139	0	0	1	139	1	139	8.07e-104	289
WP_003644017_1	lp_0882	100.000	213	0	0	1	213	1	213	7.18e-156	427
WP_003644020_1	lp_0886	100.000	483	0	0	1	483	1	483	0.0	970
WP_003644022_1	lp_0888	100.000	443	0	0	1	443	1	443	0.0	877
WP_003644030_1	lp_0900	100.000	225	0	0	1	225	1	225	1.14e-173	473
WP_003644035_1	lp_0914	100.000	518	0	0	1	518	1	518	0.0	1059
WP_003644083_1	lp_1005	100.000	560	0	0	1	560	1	560	0.0	1146
WP_003644093_1	lp_1058	100.000	216	0	0	1	216	1	216	3.90e-160	437
WP_003644094_1	lp_1069	100.000	636	0	0	1	636	1	636	0.0	1329
WP_003644095_1	lp_1072	100.000	370	0	0	1	370	1	370	0.0	744
WP_003644101_1	lp_1084	100.000	297	0	0	1	297	1	297	0.0	609
WP_003644102_1	lp_1085	100.000	331	0	0	1	331	1	331	0.0	681
WP_003644108_1	lp_1101	100.000	309	0	0	1	309	1	309	0.0	628
WP_003644111_1	lp_1108	100.000	304	0	0	1	304	1	304	0.0	616
WP_003644113_1	lp_1114	100.000	178	0	0	1	178	1	178	1.08e-133	368
WP_003644123_1	lp_1134	100.000	325	0	0	1	325	1	325	0.0	664
WP_003644197_1	lp_1245	100.000	308	0	0	1	308	1	308	0.0	625
WP_003644199_1	lp_1251	100.000	298	0	0	1	298	1	298	0.0	607
WP_003644204_1	lp_1262	100.000	309	0	0	1	309	1	309	0.0	615
WP_003644211_1	lp_1289	100.000	180	0	0	1	180	1	180	2.14e-131	362
WP_003644244_1	lp_1339	100.000	267	0	0	1	267	1	267	0.0	560
WP_003644265_1	lp_1410	100.000	373	0	0	1	373	1	373	0.0	765
WP_003644304_1	lp_1573	100.000	320	0	0	1	320	1	320	0.0	646
WP_003644316_1	lp_1608	100.000	209	0	0	1	209	1	209	1.40e-147	405
WP_003644332_1	lp_1668	100.000	270	0	0	1	270	1	270	0.0	553
WP_003644334_1	lp_1674	100.000	242	0	0	1	242	1	242	5.60e-180	490
WP_003644335_1	lp_1675	100.000	410	0	0	1	410	1	410	0.0	833
WP_003644359_1	lp_1732	100.000	348	0	0	1	348	1	348	0.0	713
WP_003644383_1	lp_1771	100.000	225	0	0	1	225	1	225	6.76e-167	456
WP_003644384_1	lp_1776	100.000	368	0	0	1	368	1	368	0.0	748
WP_003644388_1	lp_1782	100.000	174	0	0	1	174	1	174	3.22e-125	346
WP_003644417_1	lp_1836	100.000	144	0	0	1	144	1	144	1.04e-109	304
WP_003644431_1	lp_1871	100.000	636	0	0	1	636	1	636	0.0	1301
WP_003644490_1	lp_2034	100.000	365	0	0	1	365	1	365	0.0	728
WP_003644491_1	lp_2035	100.000	432	0	0	1	432	1	432	0.0	861
WP_003644493_1	lp_2037	100.000	389	0	0	1	389	1	389	0.0	791
WP_003644494_1	lp_2038	100.000	484	0	0	1	484	1	484	0.0	978
WP_003644507_1	lp_2077	100.000	580	0	0	1	580	1	580	0.0	1164
WP_003644566_1	lp_2094	100.000	431	0	0	1	431	1	431	0.0	868
WP_003644568_1	lp_2096	100.000	305	0	0	1	305	1	305	0.0	622
WP_003644601_1	lp_2177	100.000	452	0	0	1	452	1	452	0.0	894
WP_003644605_1	lp_2181	100.000	230	0	0	1	230	1	230	3.12e-171	467
WP_003644606_1	lp_2183	100.000	184	0	0	1	184	1	184	3.87e-135	372
WP_003644607_1	lp_2185	100.000	332	0	0	1	332	1	332	0.0	689
WP_003644611_1	lp_2197	100.000	459	0	0	1	459	1	459	0.0	953
WP_003644613_1	lp_2202	100.000	319	0	0	1	319	1	319	0.0	656
WP_003644631_1	lp_2268	100.000	273	0	0	1	273	1	273	0.0	565
WP_003644652_1	lp_2345	100.000	370	0	0	1	370	1	370	0.0	759
WP_003644656_1	lp_2354	100.000	401	0	0	1	401	1	401	0.0	814
WP_003644659_1	lp_2361	100.000	438	0	0	1	438	1	438	0.0	898
WP_003644660_1	lp_2379	100.000	192	0	0	1	192	1	192	5.98e-147	402
WP_003644682_1	lp_2558	100.000	194	0	0	1	194	1	194	7.89e-146	400
WP_003644692_1	lp_2591	100.000	318	0	0	1	318	1	318	0.0	648
WP_003644713_1	lp_2681	100.000	494	0	0	1	494	1	494	0.0	1026
WP_003644720_1	lp_2702	100.000	430	0	0	1	430	1	430	0.0	880
WP_003644739_1	lp_2788	100.000	339	0	0	1	339	1	339	0.0	711
WP_003644750_1	lp_2818	100.000	432	0	0	1	432	1	432	0.0	860
WP_003644751_1	lp_2829	100.000	308	0	0	1	308	1	308	0.0	607
WP_003644778_1	lp_2912	100.000	540	0	0	1	540	1	540	0.0	1117
WP_003644787_1	lp_2931	100.000	182	0	0	12	193	1	182	4.86e-137	377
WP_003644788_1	lp_2932	100.000	740	0	0	1	740	1	740	0.0	1560
WP_003644847_1	lp_2893	100.000	595	0	0	1	595	1	595	0.0	1227
WP_003644859_1	lp_2913	100.000	264	0	0	1	264	1	264	0.0	545
WP_003644879_1	lp_3051	100.000	390	0	0	1	390	1	390	0.0	808
WP_003644885_1	lp_3045	100.000	296	0	0	1	296	1	296	0.0	598
WP_003644906_1	lp_0710	100.000	366	0	0	1	366	1	366	0.0	756
WP_003644997_1	lp_0562	100.000	378	0	0	1	378	1	378	0.0	784
WP_003645041_1	lp_1817	100.000	341	0	0	1	341	1	341	0.0	705
WP_003645055_1	lp_1790	100.000	164	0	0	1	164	1	164	1.49e-123	341
WP_003645118_1	lp_1680	100.000	256	0	0	1	256	1	256	0.0	520
WP_003645119_1	lp_1679	100.000	280	0	0	1	280	1	280	0.0	579
WP_003645130_1	lp_1664	100.000	377	0	0	1	377	1	377	0.0	774
WP_003645150_1	lp_1622	100.000	219	0	0	1	219	1	219	5.57e-164	447
WP_003645157_1	lp_1607	100.000	394	0	0	1	394	1	394	0.0	801
WP_003645162_1	lp_1599	100.000	286	0	0	1	286	1	286	0.0	566
WP_003645183_1	lp_1541	100.000	478	0	0	1	478	1	478	0.0	986
WP_003645414_1	lp_2350	100.000	274	0	0	1	274	1	274	0.0	550
WP_003645437_1	lp_2242	100.000	397	0	0	1	397	1	397	0.0	806
WP_003645463_1	lp_3303	100.000	471	0	0	1	471	1	471	0.0	926
WP_003645481_1	lp_3267	100.000	444	0	0	1	444	1	444	0.0	909
WP_003645499_1	lp_1027	100.000	698	0	0	1	698	1	698	0.0	1431
WP_003645514_1	lp_1095	100.000	245	0	0	1	245	1	245	0.0	501
WP_003645538_1	lp_3408	100.000	172	0	0	1	172	1	172	2.12e-127	351
WP_003645539_1	lp_3407	100.000	275	0	0	1	275	1	275	0.0	552
WP_003645638_1	lp_2076	100.000	263	0	0	1	263	1	263	0.0	541
WP_003645668_1	lp_2137	100.000	388	0	0	1	388	1	388	0.0	766
WP_003645674_1	lp_3527	100.000	665	0	0	1	665	1	665	0.0	1336
WP_003645837_1	lp_2785	100.000	224	0	0	1	224	1	224	5.65e-169	461
WP_003645861_1	lp_2729	100.000	160	0	0	1	160	1	160	6.36e-115	319
WP_003645864_1	lp_2724	100.000	739	0	0	1	739	1	739	0.0	1531
WP_003645874_1	lp_2710	100.000	446	0	0	1	446	1	446	0.0	875
WP_003645881_1	lp_2699	100.000	305	0	0	1	305	1	305	0.0	610
WP_003645985_1	lp_1958	100.000	297	0	0	1	297	1	297	0.0	608
WP_003646028_1	lp_1912	100.000	798	0	0	1	798	1	798	0.0	1661
WP_003646058_1	lp_2973	100.000	333	0	0	1	333	1	333	0.0	657
WP_003646064_1	lp_2981	100.000	234	0	0	1	234	1	234	1.45e-172	471
WP_003646081_1	lp_0756	100.000	338	0	0	1	338	1	338	0.0	687
WP_003646085_1	lp_0764	100.000	575	0	0	1	575	1	575	0.0	1183
WP_003646212_1	lp_3565	100.000	398	0	0	1	398	1	398	0.0	784
WP_003646215_1	lp_3568	100.000	292	0	0	1	292	1	292	0.0	594
WP_003646267_1	lp_1173	100.000	372	0	0	1	372	1	372	0.0	762
WP_003646275_1	lp_1154	100.000	779	0	0	1	779	1	779	0.0	1578
WP_003646310_1	lp_0114	100.000	274	0	0	1	274	1	274	0.0	550
WP_003646364_1	lp_0205	100.000	207	0	0	1	207	1	207	2.22e-156	427
WP_003646371_1	lp_0220	100.000	161	0	0	1	161	1	161	5.65e-123	339
WP_003646390_1	lp_0267	100.000	134	0	0	1	134	1	134	3.43e-98	274
WP_003646423_1	lp_0318	100.000	365	0	0	1	365	1	365	0.0	751
WP_003646444_1	lp_0369	100.000	443	0	0	1	443	1	443	0.0	902
WP_003646500_1	lp_0464	100.000	265	0	0	1	265	1	265	0.0	506
WP_003646508_1	lp_0475	100.000	269	0	0	1	269	1	269	0.0	558
WP_003646512_1	lp_0505	100.000	217	0	0	1	217	1	217	6.09e-163	445
WP_003646513_1	lp_0506	100.000	299	0	0	1	299	1	299	0.0	605
WP_003646527_1	lp_0528	100.000	341	0	0	1	341	1	341	0.0	700
WP_003646541_1	lp_1274	100.000	576	0	0	1	576	1	576	0.0	1169
WP_003646585_1	lp_2565	100.000	302	0	0	1	302	1	302	0.0	622
WP_003646590_1	lp_2554	100.000	252	0	0	1	252	1	252	0.0	505
WP_003646591_1	lp_2553	100.000	108	0	0	1	108	1	108	2.53e-80	227
WP_003646616_1	lp_2508	100.000	89	0	0	1	89	1	89	9.14e-61	176
WP_011100855_1	lp_0028	100.000	906	0	0	1	906	1	906	0.0	1883
WP_011100858_1	lp_0047	100.000	476	0	0	1	476	1	476	0.0	978
WP_011100862_1	lp_0055	100.000	789	0	0	1	789	1	789	0.0	1634
WP_011100869_1	lp_0075	100.000	215	0	0	1	215	1	215	2.07e-163	446
WP_011100870_1	lp_0076	100.000	672	0	0	1	672	1	672	0.0	1382
WP_011100883_1	lp_0104	100.000	424	0	0	1	424	1	424	0.0	872
WP_011100884_1	lp_0105	100.000	246	0	0	1	246	1	246	4.17e-180	491
WP_011100886_1	lp_0113	100.000	263	0	0	1	263	1	263	0.0	527
WP_011100887_1	lp_0115	100.000	217	0	0	1	217	1	217	6.89e-161	439
WP_011100889_1	lp_0117	100.000	246	0	0	1	246	1	246	0.0	503
WP_011100891_1	lp_0119	100.000	156	0	0	1	156	1	156	8.55e-117	323
WP_011100894_1	lp_0124	100.000	912	0	0	1	912	1	912	0.0	1863
WP_011100895_1	lp_0125	100.000	252	0	0	1	252	1	252	0.0	520
WP_011100896_1	lp_0127	100.000	200	0	0	1	200	1	200	5.21e-150	410
WP_011100903_1	lp_0149	100.000	566	0	0	1	566	1	566	0.0	1157
WP_011100909_1	lp_0175	100.000	417	0	0	1	417	1	417	0.0	841
WP_011100912_1	lp_0187	100.000	501	0	0	1	501	1	501	0.0	1045
WP_011100919_1	lp_0215	100.000	506	0	0	1	506	1	506	0.0	1034
WP_011100921_1	lp_0217	100.000	219	0	0	1	219	1	219	1.12e-159	437
WP_011100922_1	lp_0218	100.000	468	0	0	1	468	1	468	0.0	950
WP_011100923_1	lp_0221	100.000	276	0	0	1	276	1	276	0.0	571
WP_011100926_1	lp_0230	100.000	612	0	0	1	612	1	612	0.0	1221
WP_011100927_1	lp_0233	100.000	385	0	0	1	385	1	385	0.0	790
WP_011100930_1	lp_0242	100.000	154	0	0	1	154	1	154	8.72e-114	315
WP_011100936_1	lp_0250	100.000	372	0	0	1	372	1	372	0.0	761
WP_011100938_1	lp_0252	100.000	244	0	0	1	244	1	244	0.0	494
WP_011100940_1	lp_0254	100.000	180	0	0	1	180	1	180	4.82e-130	358
WP_011100941_1	lp_0255	100.000	381	0	0	1	381	1	381	0.0	775
WP_011100943_1	lp_0263	100.000	547	0	0	1	547	1	547	0.0	1140
WP_011100945_1	lp_0268	100.000	402	0	0	1	402	1	402	0.0	833
WP_011100950_1	lp_0286	100.000	441	0	0	1	441	1	441	0.0	882
WP_011100951_1	lp_0291	100.000	464	0	0	1	464	1	464	0.0	947
WP_011100958_1	lp_0305	100.000	124	0	0	1	124	1	124	2.18e-90	254
WP_011100962_1	lp_0313	100.000	400	0	0	1	400	1	400	0.0	828
WP_011100966_1	lp_0337	100.000	323	0	0	1	323	1	323	0.0	664
WP_011100968_1	lp_0339	100.000	391	0	0	1	391	1	391	0.0	801
WP_011100972_1	lp_0349	100.000	438	0	0	1	438	1	438	0.0	880
WP_011100973_1	lp_0350	100.000	319	0	0	1	319	1	319	0.0	660
WP_011100974_1	lp_0354	100.000	222	0	0	1	222	1	222	6.77e-166	452
WP_011100977_1	lp_0363	100.000	306	0	0	1	306	1	306	0.0	627
WP_011100993_1	lp_0395	100.000	263	0	0	1	263	1	263	0.0	546
WP_011101006_1	lp_0441	100.000	298	0	0	1	298	1	298	0.0	605
WP_011101010_1	lp_0446	100.000	305	0	0	1	305	1	305	0.0	624
WP_011101011_1	lp_0447	100.000	424	0	0	1	424	1	424	0.0	859
WP_011101012_1	lp_0452	100.000	129	0	0	1	129	1	129	4.11e-96	269
WP_011101013_1	lp_0455	100.000	394	0	0	1	394	1	394	0.0	778
WP_011101016_1	lp_0463	100.000	232	0	0	1	232	1	232	1.90e-174	475
WP_011101018_1	lp_0476	100.000	450	0	0	1	450	1	450	0.0	936
WP_011101026_1	lp_0487	100.000	339	0	0	1	339	1	339	0.0	698
WP_011101027_1	lp_0488	100.000	612	0	0	1	612	1	612	0.0	1260
WP_011101028_1	lp_0489	100.000	275	0	0	1	275	1	275	0.0	557
WP_011101034_1	lp_0497	100.000	215	0	0	1	215	1	215	2.03e-158	433
WP_011101035_1	lp_0498	100.000	454	0	0	1	454	1	454	0.0	918
WP_011101037_1	lp_0500	100.000	307	0	0	1	307	1	307	0.0	624
WP_011101041_1	lp_0525	100.000	660	0	0	1	660	1	660	0.0	1333
WP_011101043_1	lp_0527	100.000	355	0	0	1	355	1	355	0.0	723
WP_011101044_1	lp_0529	100.000	402	0	0	1	402	1	402	0.0	822
WP_011101045_1	lp_0531	100.000	389	0	0	1	389	1	389	0.0	793
WP_011101046_1	lp_0532	100.000	340	0	0	1	340	1	340	0.0	703
WP_011101054_1	lp_0561	100.000	263	0	0	1	263	1	263	0.0	524
WP_011101055_1	lp_0564	100.000	245	0	0	1	245	1	245	0.0	501
WP_011101056_1	lp_0565	100.000	492	0	0	1	492	1	492	0.0	1025
WP_011101057_1	lp_0575	100.000	324	0	0	1	324	1	324	0.0	661
WP_011101058_1	lp_0576	100.000	268	0	0	1	268	1	268	0.0	516
WP_011101059_1	lp_0577	100.000	305	0	0	1	305	1	305	0.0	615
WP_011101061_1	lp_0579	100.000	130	0	0	1	130	1	130	1.50e-95	267
WP_011101068_1	lp_0590	100.000	440	0	0	1	440	1	440	0.0	907
WP_011101069_1	lp_0591	100.000	267	0	0	1	267	1	267	0.0	552
WP_011101073_1	lp_0604	100.000	178	0	0	1	178	1	178	1.20e-134	370
WP_011101140_1	lp_0703	100.000	221	0	0	1	221	1	221	2.79e-164	449
WP_011101141_1	lp_0711	100.000	265	0	0	1	265	1	265	0.0	545
WP_011101150_1	lp_0746	100.000	291	0	0	1	291	1	291	0.0	589
WP_011101154_1	lp_0776	100.000	467	0	0	1	467	1	467	0.0	965
WP_011101156_1	lp_0785	100.000	324	0	0	1	324	1	324	0.0	651
WP_011101161_1	lp_0803	100.000	244	0	0	1	244	1	244	0.0	499
WP_011101165_1	lp_0815	100.000	709	0	0	1	709	1	709	0.0	1417
WP_011101166_1	lp_0820	100.000	451	0	0	1	451	1	451	0.0	910
WP_011101171_1	lp_0829	100.000	250	0	0	1	250	1	250	0.0	509
WP_011101172_1	lp_0830	100.000	268	0	0	1	268	1	268	0.0	534
WP_011101174_1	lp_0834	100.000	508	0	0	1	508	1	508	0.0	1046
WP_011101179_1	lp_0849	100.000	579	0	0	1	579	1	579	0.0	1187
WP_011101185_1	lp_0866	100.000	193	0	0	1	193	1	193	1.74e-144	396
WP_011101186_1	lp_0872	100.000	208	0	0	1	208	1	208	7.80e-158	431
WP_011101188_1	lp_0881	100.000	278	0	0	1	278	1	278	0.0	558
WP_011101189_1	lp_0884	100.000	163	0	0	1	163	1	163	1.90e-118	328
WP_011101195_1	lp_0902	100.000	618	0	0	1	618	1	618	0.0	1242
WP_011101198_1	lp_0905	100.000	620	0	0	1	620	1	620	0.0	1254
WP_011101202_1	lp_0912	100.000	309	0	0	1	309	1	309	0.0	620
WP_011101211_1	lp_0934	100.000	110	0	0	1	110	1	110	3.68e-77	219
WP_011101213_1	lp_0937	100.000	844	0	0	1	844	1	844	0.0	1740
WP_011101237_1	lp_0977	100.000	493	0	0	1	493	1	493	0.0	1015
WP_011101238_1	lp_0979	100.000	400	0	0	1	400	1	400	0.0	811
WP_011101239_1	lp_0980	100.000	633	0	0	1	633	1	633	0.0	1325
WP_011101251_1	lp_1083	100.000	670	0	0	1	670	1	670	0.0	1358
WP_011101252_1	lp_1086	100.000	359	0	0	1	359	1	359	0.0	725
WP_011101254_1	lp_1090	100.000	310	0	0	1	310	1	310	0.0	642
WP_011101257_1	lp_1096	100.000	290	0	0	1	290	1	290	0.0	560
WP_011101259_1	lp_1109	100.000	512	0	0	1	512	1	512	0.0	1040
WP_011101260_1	lp_1113	100.000	462	0	0	1	462	1	462	0.0	932
WP_011101261_1	lp_1118	100.000	547	0	0	1	547	1	547	0.0	1120
WP_011101262_1	lp_1119	100.000	323	0	0	1	323	1	323	0.0	631
WP_011101264_1	lp_1128	100.000	577	0	0	1	577	1	577	0.0	1175
WP_011101267_1	lp_1145	100.000	679	0	0	1	679	1	679	0.0	1400
WP_011101301_1	lp_1200	100.000	315	0	0	1	315	1	315	0.0	652
WP_011101331_1	lp_1242	100.000	243	0	0	1	243	1	243	0.0	496
WP_011101332_1	lp_1250	100.000	504	0	0	1	504	1	504	0.0	1030
WP_011101336_1	lp_1261	100.000	547	0	0	1	547	1	547	0.0	1098
WP_011101338_1	lp_1278	100.000	412	0	0	1	412	1	412	0.0	847
WP_011101342_1	lp_1297	100.000	460	0	0	1	460	1	460	0.0	922
WP_011101343_1	lp_1298	100.000	309	0	0	1	309	1	309	0.0	630
WP_011101345_1	lp_1301	100.000	395	0	0	1	395	1	395	0.0	797
WP_011101353_1	lp_1320	100.000	278	0	0	1	278	1	278	0.0	563
WP_011101354_1	lp_1324	100.000	366	0	0	1	366	1	366	0.0	748
WP_011101355_1	lp_1325	100.000	321	0	0	1	321	1	321	0.0	647
WP_011101360_1	lp_1335	100.000	285	0	0	1	285	1	285	0.0	587
WP_011101366_1	lp_1350	100.000	371	0	0	1	371	1	371	0.0	771
WP_011101372_1	lp_1359	100.000	221	0	0	1	221	1	221	1.33e-159	437
WP_011101376_1	lp_1374	100.000	618	0	0	1	618	1	618	0.0	1261
WP_011101377_1	lp_1375	100.000	768	0	0	1	768	1	768	0.0	1580
WP_011101379_1	lp_1378	100.000	391	0	0	1	391	1	391	0.0	816
WP_011101385_1	lp_1393	100.000	664	0	0	1	664	1	664	0.0	1355
WP_011101389_1	lp_1398	100.000	112	0	0	1	112	1	112	2.29e-79	225
WP_011101390_1	lp_1400	100.000	451	0	0	1	451	1	451	0.0	897
WP_011101391_1	lp_1401	100.000	490	0	0	1	490	1	490	0.0	1026
WP_011101394_1	lp_1409	100.000	202	0	0	1	202	1	202	2.67e-144	396
WP_011101406_1	lp_1437	100.000	404	0	0	1	404	1	404	0.0	824
WP_011101407_1	lp_1438	100.000	159	0	0	1	159	1	159	2.82e-116	322
WP_011101415_1	lp_1462	100.000	436	0	0	1	436	1	436	0.0	896
WP_011101417_1	lp_1466	100.000	662	0	0	1	662	1	662	0.0	1355
WP_011101420_1	lp_1473	100.000	356	0	0	1	356	1	356	0.0	723
WP_011101421_1	lp_1475	100.000	256	0	0	1	256	1	256	0.0	506
WP_011101422_1	lp_1476	100.000	333	0	0	1	333	1	333	0.0	630
WP_011101423_1	lp_1477	100.000	151	0	0	1	151	1	151	8.81e-111	308
WP_011101427_1	lp_1481	100.000	396	0	0	1	396	1	396	0.0	785
WP_011101433_1	lp_1487	100.000	217	0	0	1	217	1	217	7.41e-163	444
WP_011101443_1	lp_1497	100.000	1223	0	0	1	1223	1	1223	0.0	2565
WP_011101444_1	lp_1498	100.000	519	0	0	1	519	1	519	0.0	1087
WP_011101445_1	lp_1499	100.000	190	0	0	1	190	1	190	3.58e-141	387
WP_011101446_1	lp_1500	100.000	229	0	0	1	229	1	229	1.83e-168	460
WP_011101452_1	lp_1510	100.000	197	0	0	1	197	1	197	4.95e-143	393
WP_011101455_1	lp_1521	100.000	343	0	0	1	343	1	343	0.0	706
WP_011101459_1	lp_1540	100.000	320	0	0	1	320	1	320	0.0	651
WP_011101469_1	lp_1595	100.000	353	0	0	1	353	1	353	0.0	706
WP_011101471_1	lp_1602	100.000	296	0	0	1	296	1	296	0.0	596
WP_011101477_1	lp_1618	100.000	248	0	0	1	248	1	248	0.0	513
WP_011101478_1	lp_1619	100.000	674	0	0	1	674	1	674	0.0	1389
WP_011101480_1	lp_1621	100.000	217	0	0	1	217	1	217	1.78e-162	444
WP_011101488_1	lp_1652	100.000	478	0	0	1	478	1	478	0.0	983
WP_011101489_1	lp_1654	100.000	339	0	0	1	339	1	339	0.0	679
WP_011101490_1	lp_1655	100.000	260	0	0	1	260	1	260	0.0	519
WP_011101491_1	lp_1656	100.000	208	0	0	1	208	1	208	7.52e-154	421
WP_011101492_1	lp_1657	100.000	399	0	0	1	399	1	399	0.0	826
WP_011101493_1	lp_1659	100.000	179	0	0	1	179	1	179	7.09e-135	371
WP_011101494_1	lp_1660	100.000	316	0	0	1	316	1	316	0.0	648
WP_011101499_1	lp_1671	100.000	328	0	0	1	328	1	328	0.0	673
WP_011101502_1	lp_1678	100.000	462	0	0	1	462	1	462	0.0	960
WP_011101506_1	lp_1686	100.000	166	0	0	1	166	1	166	4.55e-125	345
WP_011101507_1	lp_1687	100.000	352	0	0	1	352	1	352	0.0	726
WP_011101522_1	lp_1721	100.000	449	0	0	1	449	1	449	0.0	933
WP_011101523_1	lp_1722	100.000	499	0	0	1	499	1	499	0.0	986
WP_011101525_1	lp_1731	100.000	337	0	0	1	337	1	337	0.0	692
WP_011101526_1	lp_1733	100.000	363	0	0	1	363	1	363	0.0	749
WP_011101527_1	lp_1734	100.000	325	0	0	1	325	1	325	0.0	672
WP_011101532_1	lp_1744	100.000	355	0	0	1	355	1	355	0.0	714
WP_011101533_1	lp_1745	100.000	223	0	0	1	223	1	223	1.63e-158	434
WP_011101534_1	lp_1749	100.000	336	0	0	1	336	1	336	0.0	682
WP_011101543_1	lp_1768	100.000	352	0	0	1	352	1	352	0.0	733
WP_011101546_1	lp_1779	100.000	551	0	0	1	551	1	551	0.0	1116
WP_011101548_1	lp_1783	100.000	360	0	0	1	360	1	360	0.0	739
WP_011101549_1	lp_1785	100.000	199	0	0	1	199	1	199	3.85e-154	421
WP_011101556_1	lp_1801	100.000	262	0	0	1	262	1	262	0.0	547
WP_011101559_1	lp_1814	100.000	530	0	0	1	530	1	530	0.0	1024
WP_011101561_1	lp_1816	100.000	233	0	0	1	233	1	233	1.98e-176	480
WP_011101568_1	lp_1843	100.000	292	0	0	1	292	1	292	0.0	606
WP_011101574_1	lp_1864	100.000	492	0	0	1	492	1	492	0.0	992
WP_011101578_1	lp_1874	100.000	261	0	0	1	261	1	261	0.0	535
WP_011101581_1	lp_1885	100.000	479	0	0	1	479	1	479	0.0	981
WP_011101582_1	lp_1887	100.000	194	0	0	1	194	1	194	8.37e-137	377
WP_011101584_1	lp_1903	100.000	867	0	0	1	867	1	867	0.0	1760
WP_011101590_1	lp_1919	100.000	758	0	0	1	758	1	758	0.0	1515
WP_011101591_1	lp_1920	100.000	429	0	0	1	429	1	429	0.0	881
WP_011101593_1	lp_1923	100.000	381	0	0	1	381	1	381	0.0	779
WP_011101594_1	lp_1925	100.000	563	0	0	1	563	1	563	0.0	1146
WP_011101599_1	lp_1932	100.000	222	0	0	1	222	1	222	5.59e-169	461
WP_011101611_1	lp_1977	100.000	386	0	0	1	386	1	386	0.0	796
WP_011101613_1	lp_1985	100.000	207	0	0	1	207	1	207	1.60e-155	425
WP_011101636_1	lp_2027	100.000	622	0	0	1	622	1	622	0.0	1239
WP_011101638_1	lp_2030	100.000	236	0	0	1	236	1	236	9.97e-174	474
WP_011101639_1	lp_2031	100.000	333	0	0	1	333	1	333	0.0	682
WP_011101641_1	lp_2040	100.000	858	0	0	1	858	1	858	0.0	1738
WP_011101645_1	lp_2067	100.000	389	0	0	1	389	1	389	0.0	796
WP_011101650_1	lp_2097	100.000	655	0	0	1	655	1	655	0.0	1312
WP_011101653_1	lp_2102	100.000	342	0	0	1	342	1	342	0.0	702
WP_011101664_1	lp_2136	100.000	1143	0	0	1	1143	1	1143	0.0	2375
WP_011101671_1	lp_2152	100.000	431	0	0	1	431	1	431	0.0	871
WP_011101672_1	lp_2154	100.000	370	0	0	1	370	1	370	0.0	764
WP_011101673_1	lp_2159	100.000	319	0	0	1	319	1	319	0.0	657
WP_011101677_1	lp_2176	100.000	220	0	0	1	220	1	220	1.47e-162	444
WP_011101678_1	lp_2180	100.000	386	0	0	1	386	1	386	0.0	801
WP_011101684_1	lp_2213	100.000	449	0	0	1	449	1	449	0.0	872
WP_011101686_1	lp_2219	100.000	339	0	0	1	339	1	339	0.0	694
WP_011101690_1	lp_2228	100.000	132	0	0	1	132	1	132	4.40e-97	271
WP_011101693_1	lp_2237	100.000	461	0	0	1	461	1	461	0.0	943
WP_011101694_1	lp_2240	100.000	461	0	0	1	461	1	461	0.0	929
WP_011101699_1	lp_2263	100.000	384	0	0	1	384	1	384	0.0	798
WP_011101709_1	lp_2302	100.000	420	0	0	1	420	1	420	0.0	857
WP_011101710_1	lp_2308	100.000	450	0	0	1	450	1	450	0.0	931
WP_011101711_1	lp_2321	100.000	444	0	0	1	444	1	444	0.0	906
WP_011101721_1	lp_2351	100.000	230	0	0	1	230	1	230	2.82e-167	457
WP_011101722_1	lp_2353	100.000	98	0	0	1	98	1	98	4.67e-70	200
WP_011101725_1	lp_2375	100.000	412	0	0	1	412	1	412	0.0	843
WP_011101726_1	lp_2384	100.000	321	0	0	1	321	1	321	0.0	665
WP_011101728_1	lp_2390	100.000	342	0	0	1	342	1	342	0.0	712
WP_011101811_1	lp_2514	100.000	395	0	0	1	395	1	395	0.0	776
WP_011101812_1	lp_2520	100.000	297	0	0	1	297	1	297	0.0	611
WP_011101817_1	lp_2535	100.000	426	0	0	1	426	1	426	0.0	863
WP_011101818_1	lp_2536	100.000	428	0	0	1	428	1	428	0.0	866
WP_011101819_1	lp_2537	100.000	291	0	0	1	291	1	291	0.0	605
WP_011101822_1	lp_2543	100.000	260	0	0	1	260	1	260	0.0	528
WP_011101825_1	lp_2551	100.000	356	0	0	1	356	1	356	0.0	736
WP_011101826_1	lp_2557	100.000	208	0	0	1	208	1	208	1.46e-156	428
WP_011101827_1	lp_2559	100.000	428	0	0	1	428	1	428	0.0	862
WP_011101829_1	lp_2568	100.000	274	0	0	1	274	1	274	0.0	563
WP_011101830_1	lp_2570	100.000	353	0	0	1	353	1	353	0.0	730
WP_011101842_1	lp_2595	100.000	320	0	0	1	320	1	320	0.0	660
WP_011101843_1	lp_2596	100.000	267	0	0	1	267	1	267	0.0	561
WP_011101845_1	lp_2598	100.000	814	0	0	1	814	1	814	0.0	1699
WP_011101847_1	lp_2600	100.000	237	0	0	1	237	1	237	6.32e-178	484
WP_011101848_1	lp_2601	100.000	256	0	0	1	256	1	256	0.0	529
WP_011101852_1	lp_2608	100.000	667	0	0	1	667	1	667	0.0	1348
WP_011101853_1	lp_2610	100.000	583	0	0	1	583	1	583	0.0	1197
WP_011101860_1	lp_2634	100.000	373	0	0	1	373	1	373	0.0	757
WP_011101870_1	lp_2659	100.000	788	0	0	1	788	1	788	0.0	1631
WP_011101871_1	lp_2660	100.000	282	0	0	1	282	1	282	0.0	582
WP_011101880_1	lp_2684	100.000	390	0	0	1	390	1	390	0.0	801
WP_011101885_1	lp_2697	100.000	212	0	0	1	212	1	212	1.84e-156	428
WP_011101886_1	lp_2700	100.000	1058	0	0	1	1058	1	1058	0.0	2168
WP_011101887_1	lp_2701	100.000	364	0	0	1	364	1	364	0.0	758
WP_011101888_1	lp_2703	100.000	311	0	0	1	311	1	311	0.0	645
WP_011101891_1	lp_2719	100.000	413	0	0	1	413	1	413	0.0	832
WP_011101892_1	lp_2720	100.000	510	0	0	1	510	1	510	0.0	1044
WP_011101893_1	lp_2721	100.000	192	0	0	1	192	1	192	8.71e-140	384
WP_011101894_1	lp_2722	100.000	341	0	0	1	341	1	341	0.0	686
WP_011101895_1	lp_2725	100.000	226	0	0	1	226	1	226	3.48e-170	464
WP_011101896_1	lp_2728	100.000	376	0	0	1	376	1	376	0.0	771
WP_011101898_1	lp_2734	100.000	336	0	0	1	336	1	336	0.0	695
WP_011101905_1	lp_2758	100.000	497	0	0	1	497	1	497	0.0	1024
WP_011101907_1	lp_2762	100.000	188	0	0	1	188	1	188	1.17e-141	389
WP_011101911_1	lp_2771	100.000	477	0	0	1	477	1	477	0.0	972
WP_011101913_1	lp_2776	100.000	436	0	0	1	436	1	436	0.0	896
WP_011101914_1	lp_2778	100.000	479	0	0	1	479	1	479	0.0	998
WP_011101926_1	lp_2825	100.000	326	0	0	1	326	1	326	0.0	665
WP_011101927_1	lp_2827	100.000	388	0	0	1	388	1	388	0.0	756
WP_011101929_1	lp_2830	100.000	466	0	0	1	466	1	466	0.0	951
WP_011101948_1	lp_2879	100.000	227	0	0	1	227	1	227	5.39e-172	468
WP_011101954_1	lp_2888	100.000	390	0	0	1	390	1	390	0.0	808
WP_011101956_1	lp_2890	100.000	342	0	0	1	342	1	342	0.0	710
WP_011101972_1	lp_2920	100.000	455	0	0	1	455	1	455	0.0	904
WP_011101973_1	lp_2922	100.000	447	0	0	1	447	1	447	0.0	933
WP_011101977_1	lp_2936	100.000	333	0	0	1	333	1	333	0.0	688
WP_011101986_1	lp_2969	100.000	660	0	0	1	660	1	660	0.0	1326
WP_011101987_1	lp_2972	100.000	257	0	0	1	257	1	257	0.0	526
WP_011101995_1	lp_2983	100.000	320	0	0	1	320	1	320	0.0	622
WP_011101996_1	lp_2985	100.000	397	0	0	1	397	1	397	0.0	795
WP_011102003_1	lp_3010	100.000	490	0	0	1	490	1	490	0.0	956
WP_011102004_1	lp_3011	100.000	460	0	0	1	460	1	460	0.0	954
WP_011102005_1	lp_3012	100.000	339	0	0	1	339	1	339	0.0	692
WP_011102009_1	lp_3021	100.000	378	0	0	1	378	1	378	0.0	779
WP_011102015_1	lp_3033	100.000	251	0	0	1	251	1	251	0.0	519
WP_011102020_1	lp_3049	100.000	494	0	0	1	494	1	494	0.0	989
WP_011102022_1	lp_3055	100.000	641	0	0	1	641	1	641	0.0	1286
WP_011102032_1	lp_3078	100.000	217	0	0	1	217	1	217	2.79e-163	446
WP_011102043_1	lp_3106	100.000	331	0	0	1	331	1	331	0.0	626
WP_011102051_1	lp_3123	100.000	274	0	0	1	274	1	274	0.0	577
WP_011102058_1	lp_3150	100.000	362	0	0	1	362	1	362	0.0	744
WP_011102065_1	lp_3172	100.000	384	0	0	1	384	1	384	0.0	784
WP_011102069_1	lp_3176	100.000	368	0	0	1	368	1	368	0.0	758
WP_011102081_1	lp_3219	100.000	641	0	0	1	641	1	641	0.0	1282
WP_011102099_1	lp_3266	100.000	370	0	0	1	370	1	370	0.0	744
WP_011102100_1	lp_3269	100.000	432	0	0	1	432	1	432	0.0	893
WP_011102103_1	lp_3278	100.000	474	0	0	1	474	1	474	0.0	946
WP_011102104_1	lp_3280	100.000	314	0	0	1	314	1	314	0.0	627
WP_011102105_1	lp_3283	100.000	372	0	0	1	372	1	372	0.0	772
WP_011102106_1	lp_3284	100.000	127	0	0	1	127	1	127	1.44e-86	244
WP_011102107_1	lp_3302	100.000	302	0	0	1	302	1	302	0.0	630
WP_011102113_1	lp_3334	100.000	563	0	0	1	563	1	563	0.0	1154
WP_011102114_1	lp_3335	100.000	366	0	0	1	366	1	366	0.0	754
WP_011102117_1	lp_3339	100.000	460	0	0	1	460	1	460	0.0	920
WP_011102125_1	lp_3363	100.000	679	0	0	1	679	1	679	0.0	1372
WP_011102128_1	lp_3374	100.000	457	0	0	1	457	1	457	0.0	915
WP_011102145_1	lp_3392	100.000	407	0	0	1	407	1	407	0.0	803
WP_011102148_1	lp_3400	100.000	516	0	0	1	516	1	516	0.0	1070
WP_011102149_1	lp_3403	100.000	286	0	0	1	286	1	286	0.0	587
WP_011102162_1	lp_3431	100.000	237	0	0	1	237	1	237	0.0	498
WP_011102165_1	lp_3435	100.000	634	0	0	1	634	1	634	0.0	1272
WP_011102173_1	lp_3463	100.000	216	0	0	1	216	1	216	4.03e-152	417
WP_011102174_1	lp_3469	100.000	683	0	0	1	683	1	683	0.0	1437
WP_011102180_1	lp_3480	100.000	487	0	0	1	487	1	487	0.0	1013
WP_011102181_1	lp_3481	100.000	334	0	0	1	334	1	334	0.0	686
WP_011102182_1	lp_3483	100.000	626	0	0	1	626	1	626	0.0	1308
WP_011102184_1	lp_3485	100.000	738	0	0	1	738	1	738	0.0	1532
WP_011102187_1	lp_3493	100.000	252	0	0	1	252	1	252	0.0	516
WP_011102191_1	lp_3499	100.000	294	0	0	1	294	1	294	0.0	602
WP_011102192_1	lp_3501	100.000	283	0	0	1	283	1	283	0.0	587
WP_011102196_1	lp_3512	100.000	486	0	0	1	486	1	486	0.0	1014
WP_011102197_1	lp_3513	100.000	624	0	0	1	624	1	624	0.0	1251
WP_011102198_1	lp_3518	100.000	485	0	0	1	485	1	485	0.0	972
WP_011102199_1	lp_3519	100.000	147	0	0	1	147	1	147	6.56e-108	300
WP_011102200_1	lp_3520	100.000	160	0	0	1	160	1	160	5.98e-113	314
WP_011102202_1	lp_3522	100.000	498	0	0	1	498	1	498	0.0	981
WP_011102204_1	lp_3526	100.000	487	0	0	1	487	1	487	0.0	1019
WP_011102206_1	lp_3530	100.000	734	0	0	1	734	1	734	0.0	1523
WP_011102208_1	lp_3533	100.000	473	0	0	1	473	1	473	0.0	967
WP_011102209_1	lp_3534	100.000	766	0	0	1	766	1	766	0.0	1590
WP_011102213_1	lp_3538	100.000	665	0	0	1	665	1	665	0.0	1372
WP_011102214_1	lp_3539	100.000	217	0	0	1	217	1	217	3.10e-160	438
WP_011102218_1	lp_3556	100.000	533	0	0	1	533	1	533	0.0	1104
WP_011102219_1	lp_3557	100.000	466	0	0	1	466	1	466	0.0	937
WP_011102223_1	lp_3563	100.000	502	0	0	1	502	1	502	0.0	996
WP_011102225_1	lp_3567	100.000	287	0	0	1	287	1	287	0.0	573
WP_011102227_1	lp_3571	100.000	228	0	0	1	228	1	228	6.03e-171	466
WP_011102228_1	lp_3572	100.000	401	0	0	1	401	1	401	0.0	822
WP_011102230_1	lp_3578	100.000	484	0	0	1	484	1	484	0.0	1008
WP_011102237_1	lp_3593	100.000	427	0	0	1	427	1	427	0.0	885
WP_011102238_1	lp_3596	100.000	442	0	0	1	442	1	442	0.0	884
WP_011102241_1	lp_3599	100.000	153	0	0	1	153	1	153	2.22e-113	314
WP_011102243_1	lp_3601	100.000	516	0	0	1	516	1	516	0.0	1029
WP_011102247_1	lp_3605	100.000	345	0	0	1	345	1	345	0.0	715
WP_011102248_1	lp_3606	100.000	350	0	0	1	350	1	350	0.0	732
WP_011102249_1	lp_3607	100.000	300	0	0	1	300	1	300	0.0	627
WP_011102251_1	lp_3611	100.000	488	0	0	1	488	1	488	0.0	979
WP_011102252_1	lp_3612	100.000	341	0	0	1	341	1	341	0.0	704
WP_011102257_1	lp_3618	100.000	124	0	0	1	124	1	124	3.30e-91	256
WP_011102263_1	lp_3625	100.000	335	0	0	1	335	1	335	0.0	688
WP_011102264_1	lp_3626	100.000	461	0	0	1	461	1	461	0.0	932
WP_011102265_1	lp_3627	100.000	558	0	0	1	558	1	558	0.0	1155
WP_011102266_1	lp_3629	100.000	461	0	0	1	461	1	461	0.0	967
WP_011102268_1	lp_3631	100.000	899	0	0	1	899	1	899	0.0	1880
WP_011102272_1	lp_3637	100.000	287	0	0	1	287	1	287	0.0	586
WP_011102274_1	lp_3641	100.000	541	0	0	1	541	1	541	0.0	1126
WP_011102277_1	lp_3647	100.000	582	0	0	1	582	1	582	0.0	1194
WP_011102279_1	lp_3649	100.000	349	0	0	1	349	1	349	0.0	717
WP_011102291_1	lp_3684	100.000	417	0	0	1	417	1	417	0.0	854
WP_011222022_1	pWCFS103_12	100.000	576	0	0	1	576	1	576	0.0	1184
WP_011222023_1	pWCFS103_13	100.000	431	0	0	1	431	1	431	0.0	847
WP_013355099_1	lp_0100	100.000	243	0	0	1	243	1	243	0.0	494
WP_015640389_1	lp_1781	100.000	320	0	0	1	320	1	320	0.0	651
WP_015640584_1	lp_2178	100.000	381	0	0	1	381	1	381	0.0	789
WP_016511714_1	lp_1739	100.000	399	0	0	1	399	1	399	0.0	822
WP_021356400_1	lp_1073	100.000	280	0	0	1	280	1	280	0.0	574
WP_024272289_1	lp_3271	100.000	323	0	0	1	323	1	323	0.0	670
WP_024521523_1	lp_1614	100.000	445	0	0	1	445	1	445	0.0	895
WP_024521920_1	lp_3210	99.569	232	1	0	1	232	4	235	2.57e-168	460
WP_033098929_1	lp_3508	100.000	300	0	0	1	300	1	300	0.0	603
WP_033099006_1	lp_0275	100.000	453	0	0	1	453	1	453	0.0	897
WP_033608875_1	lp_2683	100.000	454	0	0	1	454	1	454	0.0	926
WP_041161656_1	lp_0893	100.000	384	0	0	1	384	1	384	0.0	764
WP_044432936_1	lp_3103	100.000	293	0	0	1	293	1	293	0.0	590
WP_060683810_1	lp_0903	100.000	317	0	0	1	317	1	317	0.0	651
WP_060684075_1	lp_2548	100.000	286	0	0	1	286	1	286	0.0	582
WP_164503007_1	lp_3420	100.000	467	0	0	1	467	1	467	0.0	979
WP_164920169_1	lp_0491	100.000	303	0	0	1	303	1	303	0.0	630
WP_164920201_1	lp_1380	100.000	318	0	0	1	318	1	318	0.0	653
WP_167325154_1	lp_3615	99.678	311	1	0	2	312	1	311	0.0	638
WP_169484452_1	lp_0177	100.000	261	0	0	1	261	34	294	0.0	523
WP_223843905_1	lp_0020	100.000	627	0	0	1	627	1	627	0.0	1314
