gp_NC_004567_2_1659114_1658188	lp_1837	100.000	926	0	0	1	926	926	1	0.0	1711
gp_NC_004567_2_927169_928845	lp_1005	100.000	1671	0	0	6	1676	1	1671	0.0	3086
gp_NC_004567_2_3193906_3195336	lp_3578	100.000	1430	0	0	1	1430	5	1434	0.0	2641
gp_NC_004567_2_1948063_1946960	lp_2154	100.000	1103	0	0	1	1103	1109	7	0.0	2037
gp_NC_004567_2_1946955_1945981	lp_2153	100.000	974	0	0	1	974	974	1	0.0	1799
gp_NC_004567_2_842496_843416	lp_0912	100.000	920	0	0	1	920	5	924	0.0	1700
gp_NC_004567_2_3244334_3242973	lp_3629	100.000	1361	0	0	1	1361	1364	4	0.0	2514
gp_NC_004567_2_175103_176746	lp_0193	100.000	1643	0	0	1	1643	14	1656	0.0	3035
gp_NC_004567_2_3242793_3241135	lp_3627	100.000	1658	0	0	1	1658	1658	1	0.0	3062
gp_NC_004567_2_170177_171832	lp_0189	100.000	1655	0	0	1	1655	2	1656	0.0	3057
gp_NC_004567_2_3260653_3259058	lp_3641	100.000	1595	0	0	1	1595	1604	10	0.0	2946
gp_NC_004567_2_236068_237684	lp_0263	100.000	1616	0	0	1	1616	20	1635	0.0	2985
gp_NC_004567_2_149299_150963	lp_0174	100.000	1664	0	0	1	1664	8	1671	0.0	3073
gp_NC_004567_2_2870422_2869001	lp_3220	100.000	1421	0	0	1	1421	1427	7	0.0	2625
gp_NC_004567_2_323602_324873	lp_0355	100.000	1271	0	0	1	1271	107	1377	0.0	2348
gp_NC_004567_2_2138630_2137137	lp_2366	100.000	1493	0	0	1	1493	1493	1	0.0	2758
gp_NC_004567_2_1967600_1966341	lp_2177	100.000	1259	0	0	1	1259	1355	97	0.0	2326
gp_NC_004567_2_2136117_2134726	lp_2364	100.000	1391	0	0	1	1391	1391	1	0.0	2569
gp_NC_004567_2_2137077_2136145	lp_2365	100.000	932	0	0	1	932	941	10	0.0	1722
gp_NC_004567_2_707220_710027	lp_0773	100.000	2807	0	0	1	2807	11	2817	0.0	5184
gp_NC_004567_2_3253970_3252870	lp_3635	100.000	1100	0	0	1	1100	1100	1	0.0	2032
gp_NC_004567_2_157079_158173	lp_0180	100.000	1094	0	0	1	1094	2	1095	0.0	2021
gp_NC_004567_2_686502_687260	lp_0750	100.000	753	0	0	6	758	1	753	0.0	1391
gp_NC_004567_2_1218930_1219829	lp_1324	100.000	899	0	0	1	899	8	906	0.0	1661
gp_NC_004567_2_685756_686493	lp_0749	100.000	737	0	0	1	737	71	807	0.0	1362
gp_NC_004567_2_1026509_1028152	lp_1128	100.000	1643	0	0	1	1643	65	1707	0.0	3035
gp_NC_004567_2_3269351_3271048	lp_3648	100.000	1697	0	0	1	1697	92	1788	0.0	3134
gp_NC_004567_2_3267799_3269331	lp_3647	100.000	1481	0	0	1	1481	269	1749	0.0	2736
gp_NC_004567_2_2159076_2157292	lp_2394	100.000	1784	0	0	1	1784	1865	82	0.0	3295
gp_NC_004567_2_2702723_2700963	lp_3040	100.000	1760	0	0	1	1760	1766	7	0.0	3251
gp_NC_004567_2_314290_315066	lp_0344	100.000	776	0	0	1	776	26	801	0.0	1434
gp_NC_004567_2_376442_378445	lp_0423	100.000	2003	0	0	1	2003	8	2010	0.0	3699
gp_NC_004567_2_1150248_1152122	lp_1264	100.000	1080	0	0	9	1088	1	1080	0.0	1995
gp_NC_004567_2_415370_416065	lp_0463	100.000	695	0	0	1	695	2	696	0.0	1284
gp_NC_004567_2_2160887_2159166	lp_2395	100.000	1721	0	0	1	1721	1721	1	0.0	3179
gp_NC_004567_2_2540622_2541503	lp_2849	100.000	881	0	0	1	881	2	882	0.0	1628
gp_NC_004567_2_1461425_1462546	lp_1607	100.000	1113	0	0	9	1121	1	1113	0.0	2056
gp_NC_004567_2_2704446_2702731	lp_3042	100.000	1715	0	0	1	1715	1715	1	0.0	3168
gp_NC_004567_2_663149_661638	lp_0723	100.000	1511	0	0	1	1511	1517	7	0.0	2791
gp_NC_004567_2_2573051_2571327	lp_2893	100.000	1724	0	0	1	1724	1781	58	0.0	3184
gp_NC_004567_2_2640946_2639405	lp_2966	100.000	1541	0	0	1	1541	1754	214	0.0	2846
gp_NC_004567_2_2228905_2227253	lp_2497	100.000	1652	0	0	1	1652	1748	97	0.0	3051
gp_NC_004567_2_152585_153862	lp_0176	100.000	1277	0	0	1	1277	2	1278	0.0	2359
gp_NC_004567_2_1692213_1690738	lp_1871	100.000	1475	0	0	1	1475	1511	37	0.0	2724
gp_NC_004567_2_656115_655372	lp_0714	100.000	725	0	0	1	725	725	1	0.0	1339
gp_NC_004567_2_744895_745617	lp_0803	100.000	722	0	0	1	722	2	723	0.0	1334
gp_NC_004567_2_811866_812600	lp_0878	100.000	732	0	0	3	734	1	732	0.0	1352
gp_NC_004567_2_1345131_1345865	lp_1468	100.000	734	0	0	1	734	8	741	0.0	1356
gp_NC_004567_2_684788_685657	lp_0748	100.000	869	0	0	1	869	2	870	0.0	1605
gp_NC_004567_2_2254209_2252677	lp_2525	100.000	1532	0	0	1	1532	1532	1	0.0	2830
gp_NC_004567_2_2861735_2862466	lp_3211	100.000	731	0	0	1	731	2	732	0.0	1351
gp_NC_004567_2_1589215_1588265	lp_1750	100.000	950	0	0	1	950	950	1	0.0	1755
gp_NC_004567_2_2090003_2089380	lp_2313	100.000	623	0	0	1	623	623	1	0.0	1151
gp_NC_004567_2_130876_129323	lp_0149	100.000	1544	0	0	1	1544	1544	1	0.0	2852
gp_NC_004567_2_336051_336761	lp_0368	100.000	710	0	0	1	710	14	723	0.0	1312
gp_NC_004567_2_2574859_2573081	lp_2894	100.000	1752	0	0	27	1778	1752	1	0.0	3236
gp_NC_004567_2_2588419_2586842	lp_2912	100.000	1577	0	0	1	1577	1577	1	0.0	2913
gp_NC_004567_2_1138408_1137116	lp_1253	100.000	1292	0	0	1	1292	1292	1	0.0	2386
gp_NC_004567_2_2005445_2004660	lp_2222	100.000	785	0	0	1	785	785	1	0.0	1450
gp_NC_004567_2_1047411_1048292	lp_1150	100.000	881	0	0	1	881	8	888	0.0	1628
gp_NC_004567_2_1397475_1398584	lp_1528	100.000	1109	0	0	1	1109	17	1125	0.0	2049
gp_NC_004567_2_963427_964065	lp_1058	100.000	638	0	0	1	638	2	639	0.0	1179
gp_NC_004567_2_1381992_1382582	lp_1510	100.000	590	0	0	1	590	2	591	0.0	1090
gp_NC_004567_2_781707_779707	lp_0842	100.000	2000	0	0	1	2000	2024	25	0.0	3694
gp_NC_004567_2_1399060_1399614	lp_1530	100.000	554	0	0	1	554	68	621	0.0	1024
gp_NC_004567_2_2403829_2400656	lp_2700	100.000	3173	0	0	1	3173	3173	1	0.0	5860
gp_NC_004567_2_475637_472857	lp_0526	100.000	2780	0	0	1	2780	2780	1	0.0	5134
gp_NC_004567_2_1856887_1856168	lp_2053	100.000	719	0	0	1	719	719	1	0.0	1328
gp_NC_004567_2_1832255_1831326	lp_2031	100.000	929	0	0	1	929	929	1	0.0	1716
gp_NC_004567_2_1189931_1191112	lp_1301	100.000	1181	0	0	1	1181	2	1182	0.0	2182
gp_NC_004567_2_2447053_2445860	lp_2751	100.000	1193	0	0	1	1193	1193	1	0.0	2204
gp_NC_004567_2_2568696_2567551	lp_2888	100.000	1145	0	0	1	1145	1145	1	0.0	2115
gp_NC_004567_2_3133074_3131914	lp_3517	100.000	1160	0	0	1	1160	1160	1	0.0	2143
gp_NC_004567_2_2024977_2024222	lp_2235	100.000	755	0	0	1	755	764	10	0.0	1395
gp_NC_004567_2_2059839_2058910	lp_2279	100.000	929	0	0	1	929	929	1	0.0	1716
gp_NC_004567_2_1264368_1265264	lp_1380	100.000	896	0	0	1	896	29	924	0.0	1655
gp_NC_004567_2_522053_522877	lp_0566	100.000	824	0	0	1	824	2	825	0.0	1522
gp_NC_004567_2_495761_496294	lp_0546	100.000	533	0	0	1	533	2	534	0.0	985
gp_NC_004567_2_1881205_1880696	lp_2086	100.000	509	0	0	1	509	515	7	0.0	941
gp_NC_004567_2_1971373_1970741	lp_2181	100.000	632	0	0	1	632	641	10	0.0	1168
gp_NC_004567_2_3203866_3202775	lp_3586	100.000	1091	0	0	1	1091	1091	1	0.0	2015
gp_NC_004567_2_263224_264552	lp_0291	100.000	1328	0	0	1	1328	56	1383	0.0	2453
gp_NC_004567_2_1731798_1729516	lp_1912	100.000	2282	0	0	1	2282	2306	25	0.0	4215
gp_NC_004567_2_1713566_1711824	lp_1897	100.000	1742	0	0	1	1742	1742	1	0.0	3217
gp_NC_004567_2_2751340_2752707	lp_3092	100.000	1367	0	0	1	1367	8	1374	0.0	2525
gp_NC_004567_2_1944617_1943208	lp_2151	100.000	1409	0	0	1	1409	1409	1	0.0	2603
gp_NC_004567_2_1945920_1944631	lp_2152	100.000	1289	0	0	1	1289	1289	1	0.0	2381
gp_NC_004567_2_2949091_2951313	lp_3313	100.000	2222	0	0	1	2222	35	2256	0.0	4104
gp_NC_004567_2_1015132_1016772	lp_1118	100.000	1640	0	0	1	1640	2	1641	0.0	3029
gp_NC_004567_2_1003215_1004306	lp_1105	100.000	1091	0	0	1	1091	11	1101	0.0	2015
gp_NC_004567_2_1930973_1927554	lp_2136	100.000	3419	0	0	1	3419	3419	1	0.0	6314
gp_NC_004567_2_2468527_2467271	lp_2776	100.000	1253	0	0	1	1253	1253	1	0.0	2314
gp_NC_004567_2_3285171_3282625	lp_3662	100.000	2546	0	0	1	2546	2588	43	0.0	4702
gp_NC_004567_2_748194_749162	lp_0807	100.000	968	0	0	1	968	5	972	0.0	1788
gp_NC_004567_2_16665_17429	lp_0016	100.000	764	0	0	1	764	29	792	0.0	1411
gp_NC_004567_2_1068029_1066716	lp_1169	100.000	1313	0	0	1	1313	1349	37	0.0	2425
gp_NC_004567_2_1068014_1066713	lp_1169	100.000	1301	0	0	1	1301	1352	52	0.0	2403
gp_NC_004567_2_1443568_1444887	lp_1581	100.000	1319	0	0	1	1319	23	1341	0.0	2436
gp_NC_004567_2_2404916_2403855	lp_2701	100.000	1061	0	0	1	1061	1061	1	0.0	1960
gp_NC_004567_2_1614576_1615628	lp_1783	100.000	1052	0	0	1	1052	17	1068	0.0	1943
gp_NC_004567_2_476697_475657	lp_0527	100.000	1040	0	0	1	1040	1040	1	0.0	1921
gp_NC_004567_2_2278635_2278012	lp_2557	100.000	623	0	0	1	623	623	1	0.0	1151
gp_NC_004567_2_2427370_2426717	lp_2725	100.000	653	0	0	1	653	656	4	0.0	1206
gp_NC_004567_2_2150897_2151541	lp_2382	100.000	644	0	0	1	644	8	651	0.0	1190
gp_NC_004567_2_911315_909675	lp_0980	100.000	1640	0	0	1	1640	1640	1	0.0	3029
gp_NC_004567_2_2746814_2745060	lp_3085	100.000	1754	0	0	1	1754	1754	1	0.0	3240
gp_NC_004567_2_478076_479227	lp_0529	100.000	1151	0	0	1	1151	56	1206	0.0	2126
gp_NC_004567_2_2048993_2048211	lp_2268	100.000	782	0	0	1	782	800	19	0.0	1445
gp_NC_004567_2_3035474_3036874	lp_3420	100.000	1400	0	0	1	1400	2	1401	0.0	2586
gp_NC_004567_2_47266_48648	lp_0047	100.000	1382	0	0	1	1382	29	1410	0.0	2553
gp_NC_004567_2_386606_387379	lp_0433	100.000	773	0	0	1	773	2	774	0.0	1428
gp_NC_004567_2_790687_792189	lp_0852	100.000	1502	0	0	1	1502	11	1512	0.0	2774
gp_NC_004567_2_1828431_1826719	lp_2027	100.000	1712	0	0	1	1712	1727	16	0.0	3162
gp_NC_004567_2_691822_692646	lp_0757	100.000	824	0	0	1	824	38	861	0.0	1522
gp_NC_004567_2_1630886_1631647	lp_1801	100.000	761	0	0	1	761	2	762	0.0	1406
gp_NC_004567_2_3090262_3089273	lp_3481	100.000	989	0	0	1	989	989	1	0.0	1827
gp_NC_004567_2_650610_651602	lp_0709	100.000	992	0	0	1	992	2	993	0.0	1832
gp_NC_004567_2_1438520_1439452	lp_1573	100.000	932	0	0	1	932	20	951	0.0	1722
gp_NC_004567_2_2031133_2029955	lp_2242	100.000	1178	0	0	1	1178	1178	1	0.0	2176
gp_NC_004567_2_286483_287667	lp_0310	100.000	1182	0	0	3	1184	1	1182	0.0	2183
gp_NC_004567_2_193763_194944	lp_0210	100.000	1181	0	0	1	1181	2	1182	0.0	2182
gp_NC_004567_2_1044413_1045873	lp_1148	100.000	1460	0	0	1	1460	2	1461	0.0	2697
gp_NC_004567_2_1465582_1466178	lp_1612	100.000	596	0	0	1	596	5	600	0.0	1101
gp_NC_004567_2_1800587_1798407	lp_1987	100.000	2180	0	0	1	2180	2255	76	0.0	4026
gp_NC_004567_2_579551_581020	lp_0609	100.000	1469	0	0	1	1469	8	1476	0.0	2713
gp_NC_004567_2_1006623_1008158	lp_1109	100.000	1535	0	0	1	1535	2	1536	0.0	2835
gp_NC_004567_2_1005728_1006630	lp_1108	100.000	902	0	0	1	902	11	912	0.0	1666
gp_NC_004567_2_1578273_1579436	lp_1739	100.000	1163	0	0	1	1163	8	1170	0.0	2148
gp_NC_004567_2_2383641_2384723	lp_2684	100.000	1082	0	0	1	1082	53	1134	0.0	1999
gp_NC_004567_2_1165573_1164500	lp_1280	100.000	1073	0	0	1	1073	1166	94	0.0	1982
gp_NC_004567_2_1400607_1401332	lp_1533	100.000	725	0	0	1	725	8	732	0.0	1339
gp_NC_004567_2_1558113_1559429	lp_1721	100.000	1316	0	0	1	1316	2	1317	0.0	2431
gp_NC_004567_2_468269_469390	lp_0523	100.000	1121	0	0	1	1121	5	1125	0.0	2071
gp_NC_004567_2_1069694_1070797	lp_1173	100.000	1103	0	0	1	1103	8	1110	0.0	2037
gp_NC_004567_2_418119_419477	lp_0467	100.000	1358	0	0	1	1358	2	1359	0.0	2508
gp_NC_004567_2_2934629_2934075	lp_3297	100.000	554	0	0	1	554	554	1	0.0	1024
gp_NC_004567_2_1316492_1317655	lp_1437	100.000	1163	0	0	1	1163	50	1212	0.0	2148
gp_NC_004567_2_2006095_2005493	lp_2223	100.000	602	0	0	1	602	611	10	0.0	1112
gp_NC_004567_2_1553366_1554664	lp_1713	100.000	1298	0	0	1	1298	20	1317	0.0	2398
gp_NC_004567_2_909409_908222	lp_0979	100.000	1187	0	0	1	1187	1187	1	0.0	2193
gp_NC_004567_2_889802_888846	lp_0957	100.000	956	0	0	1	956	956	1	0.0	1766
gp_NC_004567_2_551916_552305	lp_0579	100.000	389	0	0	1	389	2	390	0.0	719
gp_NC_004567_2_2525216_2523858	lp_2830	100.000	1358	0	0	1	1358	1358	1	0.0	2508
gp_NC_004567_2_1009362_1010720	lp_1112	100.000	1358	0	0	1	1358	8	1365	0.0	2508
gp_NC_004567_2_2113325_2111073	lp_2336	100.000	2252	0	0	1	2252	2252	1	0.0	4159
gp_NC_004567_2_1108610_1109707	lp_1219	100.000	1097	0	0	1	1097	2	1098	0.0	2026
gp_NC_004567_2_1073185_1074273	lp_1176	100.000	1088	0	0	1	1088	5	1092	0.0	2010
gp_NC_004567_2_1263728_1264306	lp_1379	100.000	578	0	0	1	578	2	579	0.0	1068
gp_NC_004567_2_1701650_1701012	lp_1883	100.000	638	0	0	1	638	647	10	0.0	1179
gp_NC_004567_2_1428075_1428683	lp_1562	100.000	608	0	0	1	608	20	627	0.0	1123
gp_NC_004567_2_1262589_1263704	lp_1378	100.000	1115	0	0	1	1115	41	1155	0.0	2060
gp_NC_004567_2_429204_430790	lp_0481	100.000	1586	0	0	1	1586	2	1587	0.0	2929
gp_NC_004567_2_3042482_3043279	lp_3430	100.000	797	0	0	1	797	131	927	0.0	1472
gp_NC_004567_2_1186112_1186969	lp_1298	100.000	857	0	0	1	857	38	894	0.0	1583
gp_NC_004567_2_2264337_2263063	lp_2536	100.000	1274	0	0	1	1274	1283	10	0.0	2353
gp_NC_004567_2_230756_229623	lp_0255	100.000	1133	0	0	1	1133	1133	1	0.0	2093
gp_NC_004567_2_2346458_2345367	lp_2634	100.000	1091	0	0	1	1091	1103	13	0.0	2015
gp_NC_004567_2_728190_729482	lp_0792	100.000	1292	0	0	1	1292	2	1293	0.0	2386
gp_NC_004567_2_1741103_1739856	lp_1920	100.000	1247	0	0	1	1247	1259	13	0.0	2303
gp_NC_004567_2_2133300_2132050	lp_2361	100.000	1250	0	0	1	1250	1250	1	0.0	2309
gp_NC_004567_2_455853_457100	lp_0510	100.000	1247	0	0	1	1247	2	1248	0.0	2303
gp_NC_004567_2_1558143_1559414	lp_1721	100.000	1271	0	0	1	1271	32	1302	0.0	2348
gp_NC_004567_2_540668_547504	lp_0578	100.000	6836	0	0	1	6836	4646	11481	0.0	12624
gp_NC_004567_2_1512442_1513116	lp_1658	100.000	674	0	0	1	674	29	702	0.0	1245
gp_NC_004567_2_1511250_1512398	lp_1657	100.000	1148	0	0	1	1148	29	1176	0.0	2121
gp_NC_004567_2_310326_311492	lp_0339	100.000	1166	0	0	1	1166	2	1167	0.0	2154
gp_NC_004567_2_486429_485476	lp_0537	100.000	953	0	0	1	953	953	1	0.0	1760
gp_NC_004567_2_999610_1000479	lp_1101	100.000	869	0	0	1	869	20	888	0.0	1605
gp_NC_004567_2_1861106_1860111	lp_2057	100.000	995	0	0	1	995	995	1	0.0	1838
gp_NC_004567_2_1136915_1136037	lp_1251	100.000	878	0	0	1	878	878	1	0.0	1622
gp_NC_004567_2_2751334_2752698	lp_3092	100.000	1364	0	0	1	1364	2	1365	0.0	2519
gp_NC_004567_2_2497191_2496358	lp_2803	100.000	833	0	0	1	833	845	13	0.0	1539
gp_NC_004567_2_2496303_2495515	lp_2802	100.000	788	0	0	1	788	806	19	0.0	1456
gp_NC_004567_2_3018741_3017896	lp_3403	100.000	845	0	0	1	845	857	13	0.0	1561
gp_NC_004567_2_2820833_2820198	lp_3156	100.000	635	0	0	1	635	855	221	0.0	1173
gp_NC_004567_2_720604_719648	lp_0785	100.000	956	0	0	1	956	956	1	0.0	1766
gp_NC_004567_2_1528329_1529678	lp_1678	100.000	1349	0	0	1	1349	2	1350	0.0	2492
gp_NC_004567_2_563688_565001	lp_0590	100.000	1313	0	0	1	1313	8	1320	0.0	2425
gp_NC_004567_2_1530497_1531288	lp_1680	100.000	768	0	0	24	791	1	768	0.0	1419
gp_NC_004567_2_1529770_1530522	lp_1679	100.000	752	0	0	1	752	86	837	0.0	1389
gp_NC_004567_2_565022_565795	lp_0591	100.000	773	0	0	1	773	23	795	0.0	1428
gp_NC_004567_2_3285168_3282628	lp_3662	100.000	2540	0	0	1	2540	2585	46	0.0	4691
gp_NC_004567_2_653673_651757	lp_0710	100.000	1082	0	0	1	1082	1082	1	0.0	1999
gp_NC_004567_2_1714614_1713658	lp_1898	100.000	956	0	0	1	956	956	1	0.0	1766
gp_NC_004567_2_213338_214426	lp_0233	100.000	1088	0	0	1	1088	11	1098	0.0	2010
gp_NC_004567_2_165342_164488	lp_0184	100.000	854	0	0	1	854	857	4	0.0	1578
gp_NC_004567_2_189978_190589	lp_0205	100.000	611	0	0	1	611	2	612	0.0	1129
gp_NC_004567_2_206280_206978	lp_0226	100.000	698	0	0	1	698	2	699	0.0	1290
gp_NC_004567_2_761632_763446	lp_0822	100.000	1814	0	0	1	1814	2	1815	0.0	3350
gp_NC_004567_2_2234935_2233625	lp_2502	100.000	1310	0	0	1	1310	1310	1	0.0	2420
gp_NC_004567_2_2152842_2151895	lp_2384	100.000	944	0	0	1	944	944	1	0.0	1744
gp_NC_004567_2_2403829_2400671	lp_2700	100.000	3158	0	0	1	3158	3158	1	0.0	5832
gp_NC_004567_2_563682_564980	lp_0590	100.000	1298	0	0	1	1298	2	1299	0.0	2398
gp_NC_004567_2_2568684_2567560	lp_2888	100.000	1124	0	0	1	1124	1136	13	0.0	2076
gp_NC_004567_2_167690_169192	lp_0187	100.000	1502	0	0	1	1502	2	1503	0.0	2774
gp_NC_004567_2_2380419_2381897	lp_2681	100.000	1478	0	0	1	1478	2	1479	0.0	2730
gp_NC_004567_2_175103_176713	lp_0193	100.000	1610	0	0	1	1610	14	1623	0.0	2974
gp_NC_004567_2_2870419_2868884	lp_3220	100.000	1535	0	0	1	1535	1544	10	0.0	2835
gp_NC_004567_2_149302_150891	lp_0174	100.000	1589	0	0	1	1589	11	1599	0.0	2935
gp_NC_004567_2_690726_691721	lp_0756	100.000	995	0	0	1	995	2	996	0.0	1838
gp_NC_004567_2_338891_340378	lp_0370	100.000	1487	0	0	1	1487	8	1494	0.0	2747
gp_NC_004567_2_773797_772313	lp_0834	100.000	1484	0	0	1	1484	1493	10	0.0	2741
gp_NC_004567_2_3165648_3164599	lp_3545	100.000	1049	0	0	1	1049	1091	43	0.0	1938
gp_NC_004567_2_231676_230774	lp_0256	100.000	902	0	0	1	902	905	4	0.0	1666
gp_NC_004567_2_2910080_2908836	lp_3269	100.000	1238	0	0	1	1238	1238	1	0.0	2287
gp_NC_004567_2_2258804_2256951	lp_2531	100.000	1853	0	0	1	1853	1961	109	0.0	3422
gp_NC_004567_2_1690158_1688938	lp_1870	100.000	783	0	0	438	1220	951	169	0.0	1447
gp_NC_004567_2_2097452_2096133	lp_2321	100.000	1319	0	0	1	1319	1319	1	0.0	2436
gp_NC_004567_2_1610469_1612115	lp_1779	100.000	1646	0	0	1	1646	8	1653	0.0	3040
gp_NC_004567_2_2145378_2144152	lp_2375	100.000	1226	0	0	1	1226	1226	1	0.0	2265
gp_NC_004567_2_22993_24117	lp_0021	100.000	1124	0	0	1	1124	2	1125	0.0	2076
gp_NC_004567_2_3089201_3088179	lp_3480	100.000	1022	0	0	1	1022	1079	58	0.0	1888
gp_NC_004567_2_697952_699523	lp_0764	100.000	1571	0	0	1	1571	125	1695	0.0	2902
gp_NC_004567_2_2399690_2398989	lp_2698	100.000	701	0	0	1	701	707	7	0.0	1295
gp_NC_004567_2_2144060_2143434	lp_2374	100.000	626	0	0	1	626	626	1	0.0	1157
gp_NC_004567_2_1507068_1508186	lp_1652	100.000	1118	0	0	1	1118	290	1407	0.0	2065
gp_NC_004567_2_727350_728090	lp_0791	100.000	740	0	0	1	740	2	741	0.0	1367
gp_NC_004567_2_1333563_1334330	lp_1457	100.000	767	0	0	1	767	2	768	0.0	1417
gp_NC_004567_2_2497200_2496424	lp_2803	100.000	776	0	0	1	776	779	4	0.0	1434
gp_NC_004567_2_203381_204208	lp_0221	100.000	827	0	0	1	827	2	828	0.0	1528
gp_NC_004567_2_420927_421880	lp_0471	100.000	953	0	0	1	953	2	954	0.0	1760
gp_NC_004567_2_1957501_1956548	lp_2166	100.000	953	0	0	1	953	953	1	0.0	1760
gp_NC_004567_2_3281242_3280343	lp_3660	100.000	899	0	0	1	899	905	7	0.0	1661
gp_NC_004567_2_574771_574112	lp_0602	100.000	659	0	0	1	659	668	10	0.0	1218
gp_NC_004567_2_144278_143298	lp_0166	100.000	980	0	0	1	980	980	1	0.0	1810
gp_NC_004567_2_144446_145432	lp_0168	100.000	986	0	0	1	986	8	993	0.0	1821
gp_NC_004567_2_724978_725997	lp_0789	100.000	1019	0	0	1	1019	2	1020	0.0	1882
gp_NC_004567_2_444089_444727	lp_0497	100.000	638	0	0	1	638	2	639	0.0	1179
gp_NC_004567_2_3158579_3156606	lp_3538	100.000	1973	0	0	1	1973	1973	1	0.0	3644
gp_NC_004567_2_984614_986557	lp_1083	100.000	1943	0	0	1	1943	20	1962	0.0	3589
gp_NC_004567_2_2805879_2803942	lp_3135	100.000	1937	0	0	1	1937	1964	28	0.0	3578
gp_NC_004567_2_301990_302832	lp_0330	100.000	842	0	0	1	842	2	843	0.0	1555
gp_NC_004567_2_2281220_2280621	lp_2560	100.000	599	0	0	1	599	614	16	0.0	1107
gp_NC_004567_2_2424463_2423108	lp_2723	100.000	1355	0	0	1	1355	1388	34	0.0	2503
gp_NC_004567_2_1508800_1509801	lp_1654	100.000	1001	0	0	1	1001	2	1002	0.0	1849
gp_NC_004567_2_3231052_3231969	lp_3615	100.000	917	0	0	1	917	11	927	0.0	1694
gp_NC_004567_2_330306_329395	lp_0363	100.000	905	0	0	1	905	905	1	0.0	1672
gp_NC_004567_2_2910074_2908782	lp_3269	100.000	1292	0	0	1	1292	1292	1	0.0	2386
gp_NC_004567_2_712185_713549	lp_0776	100.000	1364	0	0	1	1364	11	1374	0.0	2519
gp_NC_004567_2_2858550_2859728	lp_3207	100.000	1178	0	0	1	1178	2	1179	0.0	2176
gp_NC_004567_2_2155616_2154555	lp_2390	100.000	1016	0	0	1	1016	1016	1	0.0	1877
gp_NC_004567_2_3091490_3090330	lp_3482	100.000	1160	0	0	1	1160	1160	1	0.0	2143
gp_NC_004567_2_3091774_3093651	lp_3483	100.000	1877	0	0	1	1877	2	1878	0.0	3467
gp_NC_004567_2_3093638_3094591	lp_3484	100.000	953	0	0	1	953	2	954	0.0	1760
gp_NC_004567_2_3076528_3074501	lp_3469	100.000	2027	0	0	1	2027	2048	22	0.0	3744
gp_NC_004567_2_3096775_3094703	lp_3485	100.000	2072	0	0	1	2072	2210	139	0.0	3827
gp_NC_004567_2_1573050_1572082	lp_1734	100.000	968	0	0	1	968	974	7	0.0	1788
gp_NC_004567_2_1570859_1569909	lp_1732	100.000	950	0	0	1	950	956	7	0.0	1755
gp_NC_004567_2_2421441_2419918	lp_2720	100.000	1523	0	0	1	1523	1529	7	0.0	2813
gp_NC_004567_2_2848098_2847007	lp_3194	100.000	1091	0	0	1	1091	1109	19	0.0	2015
gp_NC_004567_2_2910391_2911659	lp_3270	100.000	1268	0	0	1	1268	2	1269	0.0	2342
gp_NC_004567_2_2121608_2120553	lp_2345	100.000	1055	0	0	1	1055	1055	1	0.0	1949
gp_NC_004567_2_2280555_2279311	lp_2559	100.000	1244	0	0	1	1244	1268	25	0.0	2298
gp_NC_004567_2_3285183_3282649	lp_3662	100.000	2534	0	0	1	2534	2564	31	0.0	4680
gp_NC_004567_2_3224358_3223354	lp_3606	100.000	1004	0	0	1	1004	1025	22	0.0	1855
gp_NC_004567_2_3186245_3185505	lp_3566	100.000	732	0	0	9	740	732	1	0.0	1352
gp_NC_004567_2_1454575_1455420	lp_1599	100.000	845	0	0	1	845	2	846	0.0	1561
gp_NC_004567_2_1257726_1255888	lp_1374	100.000	1838	0	0	1	1838	1838	1	0.0	3395
gp_NC_004567_2_1035676_1036251	lp_1139	100.000	575	0	0	1	575	2	576	0.0	1062
gp_NC_004567_2_844614_846167	lp_0914	100.000	1553	0	0	1	1553	2	1554	0.0	2868
gp_NC_004567_2_2968638_2966986	lp_3334	100.000	1652	0	0	1	1652	1667	16	0.0	3051
gp_NC_004567_2_2519482_2518562	lp_2825	100.000	920	0	0	1	920	932	13	0.0	1700
gp_NC_004567_2_2309417_2310412	lp_2591	100.000	945	0	0	51	995	1	945	0.0	1746
gp_NC_004567_2_2560171_2559368	lp_2874	100.000	803	0	0	1	803	818	16	0.0	1483
gp_NC_004567_2_231679_230777	lp_0256	100.000	902	0	0	1	902	902	1	0.0	1666
gp_NC_004567_2_710127_710597	lp_0774	100.000	470	0	0	1	470	2	471	0.0	869
gp_NC_004567_2_47257_48570	lp_0047	100.000	1313	0	0	1	1313	20	1332	0.0	2425
gp_NC_004567_2_1005719_1006609	lp_1108	100.000	890	0	0	1	890	2	891	0.0	1644
gp_NC_004567_2_861743_862537	lp_0931	100.000	794	0	0	1	794	2	795	0.0	1467
gp_NC_004567_2_481151_482140	lp_0532	100.000	989	0	0	1	989	2	990	0.0	1827
gp_NC_004567_2_2805906_2803933	lp_3135	100.000	1973	0	0	1	1973	1973	1	0.0	3644
gp_NC_004567_2_2712741_2713901	lp_3051	100.000	1160	0	0	1	1160	2	1161	0.0	2143
gp_NC_004567_2_2451385_2452752	lp_2758	100.000	1367	0	0	1	1367	14	1380	0.0	2525
gp_NC_004567_2_726136_727320	lp_0790	100.000	1184	0	0	1	1184	17	1200	0.0	2187
gp_NC_004567_2_2906554_2905460	lp_3266	100.000	1094	0	0	1	1094	1103	10	0.0	2021
gp_NC_004567_2_2828344_2827658	lp_3170	100.000	686	0	0	1	686	686	1	0.0	1267
gp_NC_004567_2_570711_571385	lp_0597	100.000	674	0	0	1	674	2	675	0.0	1245
gp_NC_004567_2_1643229_1644245	lp_1817	100.000	1016	0	0	1	1016	2	1017	0.0	1877
gp_NC_004567_2_1407219_1408628	lp_1541	100.000	1409	0	0	1	1409	14	1422	0.0	2603
gp_NC_004567_2_1476334_1476969	lp_1621	100.000	635	0	0	1	635	5	639	0.0	1173
gp_NC_004567_2_3115185_3114349	lp_3500	100.000	836	0	0	1	836	836	1	0.0	1544
gp_NC_004567_2_158212_160431	lp_0181	100.000	2219	0	0	1	2219	2	2220	0.0	4098
gp_NC_004567_2_1566357_1568591	lp_1730	100.000	2214	0	0	21	2234	1	2214	0.0	4089
gp_NC_004567_2_3148987_3146762	lp_3530	100.000	2174	0	0	1	2174	2174	1	0.0	4015
gp_NC_004567_2_3260656_3259175	lp_3641	100.000	1481	0	0	1	1481	1487	7	0.0	2736
gp_NC_004567_2_932207_932839	lp_1011	100.000	632	0	0	1	632	2	633	0.0	1168
gp_NC_004567_2_1224694_1224065	lp_1329	100.000	626	0	0	1	626	626	1	0.0	1157
gp_NC_004567_2_1443565_1444890	lp_1581	100.000	1325	0	0	1	1325	20	1344	0.0	2447
gp_NC_004567_2_3100306_3099311	lp_3487	100.000	995	0	0	1	995	1019	25	0.0	1838
gp_NC_004567_2_2758537_2759556	lp_3098	100.000	1019	0	0	1	1019	8	1026	0.0	1882
gp_NC_004567_2_2681149_2680124	lp_3012	100.000	1020	0	0	3	1022	1020	1	0.0	1884
gp_NC_004567_2_2365300_2362937	lp_2659	100.000	2363	0	0	1	2363	2363	1	0.0	4364
gp_NC_004567_2_3169111_3171474	lp_3551	100.000	2363	0	0	1	2363	26	2388	0.0	4364
gp_NC_004567_2_1135997_1134486	lp_1250	100.000	1509	0	0	3	1511	1515	7	0.0	2787
gp_NC_004567_2_2934024_2932720	lp_3296	100.000	1304	0	0	1	1304	1331	28	0.0	2409
gp_NC_004567_2_1457048_1457812	lp_1602	100.000	764	0	0	1	764	56	819	0.0	1411
gp_NC_004567_2_1924074_1923628	lp_2130	100.000	446	0	0	1	446	455	10	0.0	824
gp_NC_004567_2_1466710_1467759	lp_1614	100.000	1049	0	0	1	1049	251	1299	0.0	1938
gp_NC_004567_2_1838314_1837151	lp_2037	100.000	1163	0	0	1	1163	1166	4	0.0	2148
gp_NC_004567_2_1506972_1508198	lp_1652	100.000	1226	0	0	1	1226	194	1419	0.0	2265
gp_NC_004567_2_520587_522044	lp_0565	100.000	1457	0	0	1	1457	14	1470	0.0	2691
gp_NC_004567_2_2462816_2464174	lp_2771	100.000	1358	0	0	1	1358	8	1365	0.0	2508
gp_NC_004567_2_1835237_1834218	lp_2034	100.000	1019	0	0	1	1019	1079	61	0.0	1882
gp_NC_004567_2_2383578_2384723	lp_2684	100.000	1134	0	0	12	1145	1	1134	0.0	2095
gp_NC_004567_2_1165573_1164518	lp_1280	100.000	1055	0	0	1	1055	1148	94	0.0	1949
gp_NC_004567_2_1136000_1134492	lp_1250	100.000	1508	0	0	1	1508	1511	4	0.0	2785
gp_NC_004567_2_3174102_3172699	lp_3554	100.000	1403	0	0	1	1403	1403	1	0.0	2591
gp_NC_004567_2_2716261_2715167	lp_3054	100.000	1094	0	0	1	1094	1094	1	0.0	2021
gp_NC_004567_2_530754_531620	lp_0572	100.000	866	0	0	1	866	5	870	0.0	1600
gp_NC_004567_2_529465_530730	lp_0571	100.000	1265	0	0	1	1265	11	1275	0.0	2337
gp_NC_004567_2_2262997_2261996	lp_2535	100.000	1001	0	0	1	1001	1013	13	0.0	1849
gp_NC_004567_2_3210513_3209701	lp_3592	100.000	812	0	0	1	812	818	7	0.0	1500
gp_NC_004567_2_3187596_3188417	lp_3568	100.000	821	0	0	1	821	11	831	0.0	1517
gp_NC_004567_2_697856_699523	lp_0764	100.000	1667	0	0	1	1667	29	1695	0.0	3079
gp_NC_004567_2_987718_988542	lp_1085	100.000	824	0	0	1	824	158	981	0.0	1522
gp_NC_004567_2_3159262_3158627	lp_3539	100.000	635	0	0	1	635	635	1	0.0	1173
gp_NC_004567_2_2497200_2496511	lp_2803	100.000	689	0	0	1	689	692	4	0.0	1273
gp_NC_004567_2_2496309_2495623	lp_2802	100.000	686	0	0	1	686	698	13	0.0	1267
gp_NC_004567_2_2400610_2399711	lp_2699	100.000	899	0	0	1	899	899	1	0.0	1661
gp_NC_004567_2_2398981_2398355	lp_2697	100.000	626	0	0	1	626	626	1	0.0	1157
gp_NC_004567_2_3108326_3107496	lp_3494	100.000	830	0	0	1	830	860	31	0.0	1533
gp_NC_004567_2_3113326_3112502	lp_3498	100.000	824	0	0	1	824	854	31	0.0	1522
gp_NC_004567_2_3114228_3113425	lp_3499	100.000	803	0	0	1	803	833	31	0.0	1483
gp_NC_004567_2_3213663_3212224	lp_3595	100.000	1439	0	0	1	1439	1439	1	0.0	2658
gp_NC_004567_2_1787372_1786656	lp_1975	100.000	716	0	0	1	716	722	7	0.0	1323
gp_NC_004567_2_69824_68442	lp_0070	100.000	1298	0	0	1	1298	1298	1	0.0	2398
gp_NC_004567_2_710944_712152	lp_0775	100.000	1208	0	0	1	1208	5	1212	0.0	2231
gp_NC_004567_2_1525482_1526189	lp_1674	100.000	707	0	0	1	707	20	726	0.0	1306
gp_NC_004567_2_1866872_1865721	lp_2067	100.000	1151	0	0	1	1151	1151	1	0.0	2126
gp_NC_004567_2_2406205_2404928	lp_2702	100.000	1277	0	0	1	1277	1277	1	0.0	2359
gp_NC_004567_2_1457042_1457821	lp_1602	100.000	779	0	0	1	779	50	828	0.0	1439
gp_NC_004567_2_2001837_2002832	lp_2219	100.000	995	0	0	1	995	23	1017	0.0	1838
gp_NC_004567_2_1862350_1862958	lp_2060	100.000	608	0	0	1	608	2	609	0.0	1123
gp_NC_004567_2_517645_518772	lp_0562	100.000	1122	0	0	6	1127	1	1122	0.0	2073
gp_NC_004567_2_759742_761091	lp_0820	100.000	1349	0	0	1	1349	5	1353	0.0	2492
gp_NC_004567_2_1888846_1889754	lp_2096	100.000	908	0	0	1	908	2	909	0.0	1677
gp_NC_004567_2_401630_402781	lp_0447	100.000	1151	0	0	1	1151	44	1194	0.0	2126
gp_NC_004567_2_3189389_3190033	lp_3571	100.000	644	0	0	1	644	38	681	0.0	1190
gp_NC_004567_2_646288_646902	lp_0703	100.000	614	0	0	1	614	2	615	0.0	1134
gp_NC_004567_2_1690311_1689379	lp_1870	100.000	932	0	0	1	932	947	16	0.0	1722
gp_NC_004567_2_1520460_1521263	lp_1668	100.000	803	0	0	1	803	5	807	0.0	1483
gp_NC_004567_2_1073188_1074273	lp_1176	100.000	1085	0	0	1	1085	8	1092	0.0	2004
gp_NC_004567_2_1108619_1109722	lp_1219	100.000	1103	0	0	1	1103	11	1113	0.0	2037
gp_NC_004567_2_2696694_2697449	lp_3033	100.000	747	0	0	9	755	1	747	0.0	1380
gp_NC_004567_2_1574011_1573106	lp_1735	100.000	905	0	0	1	905	914	10	0.0	1672
gp_NC_004567_2_2497197_2496394	lp_2803	100.000	803	0	0	1	803	809	7	0.0	1483
gp_NC_004567_2_2496306_2495539	lp_2802	100.000	767	0	0	1	767	782	16	0.0	1417
gp_NC_004567_2_119746_120546	lp_0136	100.000	800	0	0	1	800	5	804	0.0	1478
gp_NC_004567_2_3219928_3220614	lp_3603	100.000	686	0	0	1	686	17	702	0.0	1267
gp_NC_004567_2_1558212_1559423	lp_1721	100.000	1211	0	0	1	1211	101	1311	0.0	2237
gp_NC_004567_2_479995_481110	lp_0531	100.000	1115	0	0	1	1115	8	1122	0.0	2060
gp_NC_004567_2_1236568_1237602	lp_1346	100.000	1034	0	0	1	1034	8	1041	0.0	1910
gp_NC_004567_2_2289871_2288855	lp_2570	100.000	1016	0	0	1	1016	1031	16	0.0	1877
gp_NC_004567_2_2384773_2385630	lp_2685	100.000	857	0	0	1	857	8	864	0.0	1583
gp_NC_004567_2_1917897_1917031	lp_2123	100.000	861	0	0	6	866	873	13	0.0	1591
gp_NC_004567_2_1083492_1084349	lp_1186	100.000	857	0	0	1	857	5	861	0.0	1583
gp_NC_004567_2_330452_331237	lp_0364	100.000	785	0	0	1	785	17	801	0.0	1450
gp_NC_004567_2_2751334_2752689	lp_3092	100.000	1355	0	0	1	1355	2	1356	0.0	2503
gp_NC_004567_2_3108356_3107490	lp_3494	100.000	866	0	0	1	866	866	1	0.0	1600
gp_NC_004567_2_3114258_3113425	lp_3499	100.000	833	0	0	1	833	833	1	0.0	1539
gp_NC_004567_2_3113356_3112490	lp_3498	100.000	866	0	0	1	866	866	1	0.0	1600
gp_NC_004567_2_3211782_3210583	lp_3593	100.000	1199	0	0	1	1199	1262	64	0.0	2215
gp_NC_004567_2_230762_229632	lp_0255	100.000	1124	0	0	1	1124	1124	1	0.0	2076
gp_NC_004567_2_2346470_2345352	lp_2634	100.000	1118	0	0	1	1118	1118	1	0.0	2065
gp_NC_004567_2_2681131_2680130	lp_3012	100.000	1001	0	0	1	1001	1016	16	0.0	1849
gp_NC_004567_2_479252_479971	lp_0530	100.000	719	0	0	1	719	8	726	0.0	1328
gp_NC_004567_2_3193897_3195336	lp_3578	100.000	1434	0	0	6	1439	1	1434	0.0	2649
gp_NC_004567_2_2496300_2495485	lp_2802	100.000	815	0	0	1	815	836	22	0.0	1506
gp_NC_004567_2_2751277_2752692	lp_3092	100.000	1359	0	0	57	1415	1	1359	0.0	2510
gp_NC_004567_2_3148879_3146783	lp_3530	100.000	2096	0	0	1	2096	2153	58	0.0	3871
gp_NC_004567_2_158209_160431	lp_0181	100.000	2220	0	0	3	2222	1	2220	0.0	4100
gp_NC_004567_2_35294_32958	lp_0028	100.000	2336	0	0	1	2336	2687	352	0.0	4314
gp_NC_004567_2_2045712_2044606	lp_2263	100.000	1106	0	0	1	1106	1142	37	0.0	2043
gp_NC_004567_2_1744513_1743371	lp_1923	100.000	1142	0	0	1	1142	1142	1	0.0	2109
gp_NC_004567_2_2546400_2545183	lp_2855	100.000	1217	0	0	1	1217	1256	40	0.0	2248
gp_NC_004567_2_1973395_1972424	lp_2185	100.000	971	0	0	1	971	977	7	0.0	1794
gp_NC_004567_2_1086315_1087295	lp_1189	100.000	980	0	0	1	980	2	981	0.0	1810
gp_NC_004567_2_167434_165482	lp_0185	100.000	1952	0	0	1	1952	1952	1	0.0	3605
gp_NC_004567_2_3225341_3224457	lp_3607	100.000	884	0	0	1	884	896	13	0.0	1633
gp_NC_004567_2_1985244_1983889	lp_2197	100.000	1355	0	0	1	1355	1355	1	0.0	2503
gp_NC_004567_2_908012_906552	lp_0977	100.000	1460	0	0	1	1460	1460	1	0.0	2697
gp_NC_004567_2_907955_906555	lp_0977	100.000	1400	0	0	1	1400	1457	58	0.0	2586
gp_NC_004567_2_3155486_3154515	lp_3536	100.000	971	0	0	1	971	971	1	0.0	1794
gp_NC_004567_2_1642526_1643221	lp_1816	100.000	695	0	0	1	695	2	696	0.0	1284
gp_NC_004567_2_843609_844514	lp_0913	100.000	905	0	0	1	905	20	924	0.0	1672
gp_NC_004567_2_2283672_2282851	lp_2563	100.000	821	0	0	1	821	830	10	0.0	1517
gp_NC_004567_2_1926496_1926008	lp_2133	100.000	488	0	0	1	488	488	1	0.0	902
gp_NC_004567_2_988603_989622	lp_1086	100.000	1019	0	0	1	1019	38	1056	0.0	1882
gp_NC_004567_2_3107436_3106711	lp_3493	100.000	725	0	0	1	725	737	13	0.0	1339
gp_NC_004567_2_544766_550726	lp_0578	100.000	5960	0	0	1	5960	8744	14703	0.0	11007
gp_NC_004567_2_537698_546436	lp_0578	100.000	8738	0	0	1	8738	1676	10413	0.0	16137
gp_NC_004567_2_753276_754139	lp_0814	100.000	863	0	0	1	863	35	897	0.0	1594
gp_NC_004567_2_1339453_1340736	lp_1462	100.000	1283	0	0	1	1283	14	1296	0.0	2370
gp_NC_004567_2_101064_101714	lp_0115	100.000	650	0	0	1	650	2	651	0.0	1201
gp_NC_004567_2_3176480_3174930	lp_3556	100.000	1550	0	0	1	1550	1571	22	0.0	2863
gp_NC_004567_2_2275764_2274676	lp_2551	100.000	1071	0	0	15	1085	1071	1	0.0	1978
gp_NC_004567_2_2623942_2622473	lp_2945	100.000	1469	0	0	1	1469	1469	1	0.0	2713
gp_NC_004567_2_3143459_3142041	lp_3526	100.000	1418	0	0	1	1418	1433	16	0.0	2619
gp_NC_004567_2_3244328_3242967	lp_3629	100.000	1361	0	0	1	1361	1370	10	0.0	2514
gp_NC_004567_2_2801214_2799790	lp_3132	100.000	1424	0	0	1	1424	1430	7	0.0	2630
gp_NC_004567_2_3141913_3140495	lp_3525	100.000	1418	0	0	1	1418	1427	10	0.0	2619
gp_NC_004567_2_3127054_3125636	lp_3512	100.000	1418	0	0	1	1418	1439	22	0.0	2619
gp_NC_004567_2_1466578_1467756	lp_1614	100.000	1178	0	0	1	1178	119	1296	0.0	2176
gp_NC_004567_2_17484_18686	lp_0017	100.000	1202	0	0	1	1202	32	1233	0.0	2220
gp_NC_004567_2_184816_183209	lp_0200	100.000	1607	0	0	1	1607	1658	52	0.0	2968
gp_NC_004567_2_1146494_1148098	lp_1261	100.000	1604	0	0	1	1604	23	1626	0.0	2963
gp_NC_004567_2_186578_185076	lp_0201	100.000	1502	0	0	1	1502	1658	157	0.0	2774
gp_NC_004567_2_86792_85155	lp_0092	100.000	1637	0	0	1	1637	1637	1	0.0	3024
gp_NC_004567_2_717766_719415	lp_0783	100.000	1649	0	0	1	1649	2	1650	0.0	3046
gp_NC_004567_2_19180_20724	lp_0018	100.000	1544	0	0	1	1544	29	1572	0.0	2852
gp_NC_004567_2_3305588_3304014	lp_3686	100.000	1574	0	0	1	1574	1601	28	0.0	2907
gp_NC_004567_2_476966_477988	lp_0528	100.000	1022	0	0	1	1022	2	1023	0.0	1888
gp_NC_004567_2_2279220_2278639	lp_2558	100.000	581	0	0	1	581	581	1	0.0	1074
gp_NC_004567_2_1836583_1835315	lp_2035	100.000	1268	0	0	1	1268	1283	16	0.0	2342
gp_NC_004567_2_100250_101038	lp_0114	100.000	788	0	0	1	788	2	789	0.0	1456
gp_NC_004567_2_1509816_1510580	lp_1655	100.000	764	0	0	1	764	2	765	0.0	1411
gp_NC_004567_2_1510595_1511218	lp_1656	100.000	623	0	0	1	623	2	624	0.0	1151
gp_NC_004567_2_2031127_2029949	lp_2242	100.000	1178	0	0	1	1178	1184	7	0.0	2176
gp_NC_004567_2_286486_287673	lp_0310	100.000	1187	0	0	1	1187	2	1188	0.0	2193
gp_NC_004567_2_193769_194974	lp_0210	100.000	1181	0	0	1	1181	8	1188	0.0	2182
gp_NC_004567_2_2276093_2275776	lp_2552	100.000	317	0	0	1	317	317	1	2.27e-168	586
gp_NC_004567_2_2419889_2418660	lp_2719	100.000	1229	0	0	1	1229	1235	7	0.0	2270
gp_NC_004567_2_652842_651742	lp_0710	100.000	1097	0	0	1	1097	1097	1	0.0	2026
gp_NC_004567_2_189588_188527	lp_0204	100.000	1061	0	0	1	1061	1067	7	0.0	1960
gp_NC_004567_2_1694952_1694167	lp_1874	100.000	782	0	0	1	782	782	1	0.0	1445
gp_NC_004567_2_2423045_2422059	lp_2722	100.000	986	0	0	1	986	986	1	0.0	1821
gp_NC_004567_2_479986_481116	lp_0531	100.000	1128	0	0	3	1130	1	1128	0.0	2084
gp_NC_004567_2_3041333_3040497	lp_3427	100.000	836	0	0	1	836	854	19	0.0	1544
gp_NC_004567_2_2046476_2045769	lp_2264	100.000	707	0	0	1	707	707	1	0.0	1306
gp_NC_004567_2_1260049_1257788	lp_1375	100.000	2258	0	0	1	2258	2258	1	0.0	4170
gp_NC_004567_2_2832410_2833531	lp_3174	100.000	1121	0	0	1	1121	56	1176	0.0	2071
gp_NC_004567_2_1543529_1544644	lp_1696	100.000	1115	0	0	1	1115	53	1167	0.0	2060
gp_NC_004567_2_99433_100218	lp_0113	100.000	785	0	0	1	785	2	786	0.0	1450
gp_NC_004567_2_1317655_1318131	lp_1438	100.000	476	0	0	1	476	2	477	0.0	880
gp_NC_004567_2_2426667_2424484	lp_2724	100.000	2183	0	0	1	2183	2216	34	0.0	4032
gp_NC_004567_2_2277315_2276560	lp_2554	100.000	755	0	0	1	755	755	1	0.0	1395
gp_NC_004567_2_463719_465008	lp_0518	100.000	1289	0	0	1	1289	71	1359	0.0	2381
gp_NC_004567_2_2428348_2427647	lp_2727	100.000	701	0	0	1	701	713	13	0.0	1295
gp_NC_004567_2_2278025_2277321	lp_2556	100.000	704	0	0	1	704	707	4	0.0	1301
gp_NC_004567_2_538820_547426	lp_0578	100.000	8606	0	0	1	8606	2798	11403	0.0	15893
gp_NC_004567_2_1983865_1982777	lp_2196	100.000	1088	0	0	1	1088	1088	1	0.0	2010
gp_NC_004567_2_891637_890258	lp_0959	100.000	1379	0	0	1	1379	1403	25	0.0	2547
gp_NC_004567_2_306430_307827	lp_0334	100.000	1397	0	0	1	1397	2	1398	0.0	2580
gp_NC_004567_2_208545_207181	lp_0228	100.000	1364	0	0	1	1364	1370	7	0.0	2519
gp_NC_004567_2_1552784_1551390	lp_1711	100.000	1394	0	0	1	1394	1421	28	0.0	2575
gp_NC_004567_2_1427424_1428005	lp_1561	100.000	581	0	0	1	581	593	1173	0.0	1074
gp_NC_004567_2_520400_519687	lp_0564	100.000	713	0	0	1	713	731	19	0.0	1317
gp_NC_004567_2_2315983_2318304	lp_2598	100.000	2321	0	0	1	2321	122	2442	0.0	4287
gp_NC_004567_2_3238254_3237466	lp_3623	100.000	788	0	0	1	788	800	13	0.0	1456
gp_NC_004567_2_3278705_3277911	lp_3657	100.000	794	0	0	1	794	800	7	0.0	1467
gp_NC_004567_2_3021914_3021102	lp_3407	100.000	812	0	0	1	812	812	1	0.0	1500
gp_NC_004567_2_1986501_1985539	lp_2199	100.000	962	0	0	1	962	962	1	0.0	1777
gp_NC_004567_2_412982_413857	lp_0460	100.000	866	0	0	1	866	2	867	0.0	1600
gp_NC_004567_2_2328614_2330350	lp_2610	100.000	1736	0	0	1	1736	14	1749	0.0	3206
gp_NC_004567_2_3208132_3206459	lp_3589	100.000	1673	0	0	1	1673	1679	7	0.0	3090
gp_NC_004567_2_47308_48618	lp_0047	100.000	1310	0	0	1	1310	71	1380	0.0	2420
gp_NC_004567_2_932207_932848	lp_1011	100.000	635	0	0	1	635	2	636	0.0	1173
gp_NC_004567_2_3174879_3174193	lp_3555	100.000	686	0	0	1	686	689	4	0.0	1267
gp_NC_004567_2_1700832_1699765	lp_1882	100.000	1067	0	0	1	1067	1118	52	0.0	1971
gp_NC_004567_2_1855435_1854719	lp_2051	100.000	716	0	0	1	716	761	46	0.0	1323
gp_NC_004567_2_3043598_3044275	lp_3431	100.000	677	0	0	1	677	26	702	0.0	1251
gp_NC_004567_2_35297_33015	lp_0028	100.000	2282	0	0	1	2282	2630	349	0.0	4215
gp_NC_004567_2_1566405_1568612	lp_1730	100.000	2207	0	0	1	2207	29	2235	0.0	4076
gp_NC_004567_2_158287_160452	lp_0181	100.000	2165	0	0	1	2165	77	2241	0.0	3999
gp_NC_004567_2_3148879_3146765	lp_3530	100.000	2114	0	0	1	2114	2171	58	0.0	3904
gp_NC_004567_2_1578267_1579439	lp_1739	100.000	1172	0	0	1	1172	2	1173	0.0	2165
gp_NC_004567_2_359951_359169	lp_0395	100.000	782	0	0	1	782	785	4	0.0	1445
gp_NC_004567_2_1316486_1317634	lp_1437	100.000	1148	0	0	1	1148	44	1191	0.0	2121
gp_NC_004567_2_2315932_2318301	lp_2598	100.000	2369	0	0	1	2369	71	2439	0.0	4375
gp_NC_004567_2_2429457_2428387	lp_2728	100.000	1070	0	0	1	1070	1106	37	0.0	1977
gp_NC_004567_2_2160857_2159166	lp_2395	100.000	1691	0	0	1	1691	1721	31	0.0	3123
gp_NC_004567_2_3267709_3269247	lp_3647	100.000	1538	0	0	1	1538	179	1716	0.0	2841
gp_NC_004567_2_1151358_1152155	lp_1265	100.000	797	0	0	1	797	17	813	0.0	1472
gp_NC_004567_2_2702681_2700960	lp_3040	100.000	1721	0	0	1	1721	1769	49	0.0	3179
gp_NC_004567_2_1906224_1905493	lp_2110	100.000	731	0	0	1	731	731	1	0.0	1351
gp_NC_004567_2_2228725_2227250	lp_2497	100.000	1475	0	0	1	1475	1751	277	0.0	2724
gp_NC_004567_2_744889_745620	lp_0803	100.000	726	0	0	6	731	1	726	0.0	1341
gp_NC_004567_2_2654354_2653653	lp_2981	100.000	701	0	0	1	701	701	1	0.0	1295
gp_NC_004567_2_294512_293451	lp_0318	100.000	1061	0	0	1	1061	1076	16	0.0	1960
gp_NC_004567_2_744910_745623	lp_0803	100.000	713	0	0	1	713	17	729	0.0	1317
gp_NC_004567_2_1906218_1905490	lp_2110	100.000	728	0	0	1	728	734	7	0.0	1345
gp_NC_004567_2_811821_812606	lp_0878	100.000	738	0	0	48	785	1	738	0.0	1363
gp_NC_004567_2_3269333_3271006	lp_3648	100.000	1673	0	0	1	1673	74	1746	0.0	3090
gp_NC_004567_2_157079_158176	lp_0180	100.000	1097	0	0	1	1097	2	1098	0.0	2026
gp_NC_004567_2_663149_661614	lp_0723	100.000	1535	0	0	1	1535	1541	7	0.0	2835
gp_NC_004567_2_2254203_2252668	lp_2525	100.000	1535	0	0	1	1535	1541	7	0.0	2835
gp_NC_004567_2_1739758_1737485	lp_1919	100.000	2273	0	0	1	2273	2273	1	0.0	4198
gp_NC_004567_2_523336_525981	lp_0567	100.000	2645	0	0	1	2645	2	2646	0.0	4885
gp_NC_004567_2_929205_930689	lp_1008	100.000	1449	0	0	36	1484	1	1449	0.0	2676
gp_NC_004567_2_997855_998766	lp_1097	100.000	911	0	0	1	911	26	936	0.0	1683
gp_NC_004567_2_3014701_3012521	lp_3398	100.000	2180	0	0	1	2180	2183	4	0.0	4026
gp_NC_004567_2_250720_251934	lp_0275	100.000	1214	0	0	1	1214	47	1260	0.0	2242
gp_NC_004567_2_1183338_1182064	lp_1295	100.000	1238	0	0	1	1238	1238	1	0.0	2287
gp_NC_004567_2_997001_997762	lp_1096	100.000	761	0	0	1	761	41	801	0.0	1406
gp_NC_004567_2_2718549_2716723	lp_3055	100.000	1826	0	0	1	1826	1826	1	0.0	3373
gp_NC_004567_2_496409_498256	lp_0547	100.000	1847	0	0	1	1847	29	1875	0.0	3411
gp_NC_004567_2_3046918_3048858	lp_3435	100.000	1857	0	0	84	1940	1	1857	0.0	3430
gp_NC_004567_2_2960523_2962304	lp_3327	100.000	1781	0	0	1	1781	2	1782	0.0	3290
gp_NC_004567_2_743519_744811	lp_0802	100.000	1292	0	0	1	1292	65	1356	0.0	2386
gp_NC_004567_2_1461425_1462549	lp_1607	100.000	1116	0	0	9	1124	1	1116	0.0	2061
gp_NC_004567_2_2656969_2656109	lp_2984	100.000	860	0	0	1	860	875	16	0.0	1589
gp_NC_004567_2_3253973_3252873	lp_3635	100.000	1097	0	0	1	1097	1097	1	0.0	2026
gp_NC_004567_2_2127659_2126637	lp_2352	100.000	1022	0	0	1	1022	1022	1	0.0	1888
gp_NC_004567_2_334512_336026	lp_0367	100.000	1514	0	0	1	1514	2	1515	0.0	2796
gp_NC_004567_2_3267538_3269244	lp_3647	100.000	1706	0	0	1	1706	8	1713	0.0	3151
gp_NC_004567_2_92083_91133	lp_0102	100.000	950	0	0	1	950	950	1	0.0	1755
gp_NC_004567_2_2655134_2654364	lp_2982	100.000	770	0	0	1	770	770	1	0.0	1423
gp_NC_004567_2_1150269_1152125	lp_1264	100.000	1067	0	0	1	1067	14	1080	0.0	1971
gp_NC_004567_2_523282_525411	lp_0567	100.000	2076	0	0	54	2129	1	2076	0.0	3834
gp_NC_004567_2_294512_293436	lp_0318	100.000	1076	0	0	1	1076	1091	16	0.0	1988
gp_NC_004567_2_130855_129245	lp_0149	100.000	1610	0	0	1	1610	1622	13	0.0	2974
gp_NC_004567_2_201855_200521	lp_0218	100.000	1334	0	0	1	1334	1385	52	0.0	2464
gp_NC_004567_2_157079_158182	lp_0180	100.000	1103	0	0	1	1103	2	1104	0.0	2037
gp_NC_004567_2_1218930_1219982	lp_1324	100.000	1052	0	0	1	1052	8	1059	0.0	1943
gp_NC_004567_2_1692240_1690789	lp_1871	100.000	1451	0	0	1	1451	1460	10	0.0	2680
gp_NC_004567_2_2990664_2988646	lp_3363	100.000	2018	0	0	1	2018	2030	13	0.0	3727
gp_NC_004567_2_997927_998766	lp_1097	100.000	839	0	0	1	839	98	936	0.0	1550
gp_NC_004567_2_2873584_2872913	lp_3224	100.000	671	0	0	1	671	749	79	0.0	1240
gp_NC_004567_2_2765055_2765831	lp_3104	100.000	776	0	0	1	776	2	777	0.0	1434
gp_NC_004567_2_656097_655339	lp_0714	100.000	758	0	0	1	758	758	1	0.0	1400
gp_NC_004567_2_2142257_2141019	lp_2371	100.000	1238	0	0	1	1238	1259	22	0.0	2287
gp_NC_004567_2_2992782_2994149	lp_3368	100.000	1367	0	0	1	1367	11	1377	0.0	2525
gp_NC_004567_2_2410673_2411944	lp_2710	100.000	1271	0	0	1	1271	41	1311	0.0	2348
gp_NC_004567_2_785711_786952	lp_0848	100.000	1241	0	0	1	1241	20	1260	0.0	2292
gp_NC_004567_2_2514905_2513652	lp_2818	100.000	1253	0	0	1	1253	1265	13	0.0	2314
gp_NC_004567_2_1016877_1017776	lp_1119	100.000	899	0	0	1	899	62	960	0.0	1661
gp_NC_004567_2_174524_173166	lp_0192	100.000	1358	0	0	1	1358	1379	22	0.0	2508
gp_NC_004567_2_1000586_1001968	lp_1102	100.000	1382	0	0	1	1382	35	1416	0.0	2553
gp_NC_004567_2_929235_930683	lp_1008	100.000	1443	0	0	6	1448	1	1443	0.0	2665
gp_NC_004567_2_1185959_1184583	lp_1297	100.000	1376	0	0	1	1376	1379	4	0.0	2542
gp_NC_004567_2_2973998_2972667	lp_3339	100.000	1331	0	0	1	1331	1361	31	0.0	2459
gp_NC_004567_2_1820450_1819443	lp_2018	100.000	1007	0	0	1	1007	1178	172	0.0	1860
gp_NC_004567_2_1636241_1637578	lp_1811	100.000	1335	0	0	3	1337	1	1335	0.0	2466
gp_NC_004567_2_2493050_2494474	lp_2799	100.000	1424	0	0	1	1424	8	1431	0.0	2630
gp_NC_004567_2_2514896_2513649	lp_2818	100.000	1247	0	0	1	1247	1268	22	0.0	2303
gp_NC_004567_2_2127659_2126640	lp_2352	100.000	1019	0	0	1	1019	1019	1	0.0	1882
gp_NC_004567_2_1582221_1583255	lp_1744	100.000	1034	0	0	1	1034	2	1035	0.0	1910
gp_NC_004567_2_106374_107744	lp_0120	100.000	1353	0	0	18	1370	1	1353	0.0	2499
gp_NC_004567_2_1636241_1637557	lp_1811	100.000	1314	0	0	3	1316	1	1314	0.0	2427
gp_NC_004567_2_316813_318174	lp_0348	100.000	1361	0	0	1	1361	41	1401	0.0	2514
gp_NC_004567_2_533143_534111	lp_0575	100.000	968	0	0	1	968	2	969	0.0	1788
gp_NC_004567_2_534988_535893	lp_0577	100.000	905	0	0	1	905	11	915	0.0	1672
gp_NC_004567_2_2258912_2256945	lp_2531	100.000	1967	0	0	1	1967	1967	1	0.0	3633
gp_NC_004567_2_94304_95020	lp_0105	100.000	716	0	0	1	716	14	729	0.0	1323
gp_NC_004567_2_640506_638584	lp_0693	100.000	1922	0	0	1	1922	2162	241	0.0	3550
gp_NC_004567_2_638505_637567	lp_0692	100.000	938	0	0	1	938	986	49	0.0	1733
gp_NC_004567_2_1559509_1560906	lp_1722	100.000	1397	0	0	1	1397	32	1428	0.0	2580
gp_NC_004567_2_1996913_1998226	lp_2213	100.000	1313	0	0	1	1313	8	1320	0.0	2425
gp_NC_004567_2_695481_696407	lp_0761	100.000	926	0	0	1	926	2	927	0.0	1711
gp_NC_004567_2_2493050_2494471	lp_2799	100.000	1421	0	0	1	1421	8	1428	0.0	2625
gp_NC_004567_2_1134411_1133137	lp_1249	100.000	1274	0	0	1	1274	1340	67	0.0	2353
gp_NC_004567_2_1636247_1637551	lp_1811	100.000	1304	0	0	1	1304	5	1308	0.0	2409
gp_NC_004567_2_820095_818785	lp_0888	100.000	1310	0	0	1	1310	1325	16	0.0	2420
gp_NC_004567_2_450455_451699	lp_0502	100.000	1244	0	0	1	1244	20	1263	0.0	2298
gp_NC_004567_2_2972206_2970827	lp_3338	100.000	1379	0	0	1	1379	1382	4	0.0	2547
gp_NC_004567_2_2029608_2028259	lp_2240	100.000	1349	0	0	1	1349	1361	13	0.0	2492
gp_NC_004567_2_2972206_2970797	lp_3338	100.000	1409	0	0	1	1409	1412	4	0.0	2603
gp_NC_004567_2_1636250_1637548	lp_1811	100.000	1298	0	0	1	1298	8	1305	0.0	2398
gp_NC_004567_2_1530521_1531228	lp_1680	100.000	707	0	0	1	707	2	708	0.0	1306
gp_NC_004567_2_1529746_1530510	lp_1679	100.000	764	0	0	1	764	62	825	0.0	1411
gp_NC_004567_2_564959_565780	lp_0591	100.000	780	0	0	42	821	1	780	0.0	1441
gp_NC_004567_2_563661_564989	lp_0590	100.000	1308	0	0	21	1328	1	1308	0.0	2416
gp_NC_004567_2_1821907_1820633	lp_2019	100.000	1274	0	0	1	1274	1511	238	0.0	2353
gp_NC_004567_2_1531318_1532067	lp_1681	100.000	749	0	0	1	749	8	756	0.0	1384
gp_NC_004567_2_1522732_1523154	lp_1670	100.000	422	0	0	1	422	2	423	0.0	780
gp_NC_004567_2_1526217_1527431	lp_1675	100.000	1214	0	0	1	1214	8	1221	0.0	2242
gp_NC_004567_2_562305_563258	lp_0588	100.000	953	0	0	1	953	11	963	0.0	1760
gp_NC_004567_2_1523292_1524227	lp_1671	100.000	935	0	0	1	935	44	978	0.0	1727
gp_NC_004567_2_540668_547627	lp_0578	100.000	6959	0	0	1	6959	4646	11604	0.0	12851
gp_NC_004567_2_1531312_1532061	lp_1681	100.000	749	0	0	1	749	2	750	0.0	1384
gp_NC_004567_2_319868_318711	lp_0349	100.000	1154	0	0	1	1154	1154	1	0.0	2132
gp_NC_004567_2_534973_535830	lp_0577	100.000	852	0	0	6	857	1	852	0.0	1574
gp_NC_004567_2_3184306_3182813	lp_3563	100.000	1493	0	0	1	1493	1493	1	0.0	2758
gp_NC_004567_2_1000577_1001968	lp_1102	100.000	1391	0	0	1	1391	26	1416	0.0	2569
gp_NC_004567_2_3177921_3176557	lp_3557	100.000	1361	0	0	1	1361	1361	1	0.0	2514
gp_NC_004567_2_3226821_3228194	lp_3611	100.000	1373	0	0	1	1373	89	1461	0.0	2536
gp_NC_006377_1_8318_9571	pWCFS103_13	100.000	1253	0	0	1	1253	26	1278	0.0	2314
gp_NC_004567_2_523354_525981	lp_0567	100.000	2627	0	0	1	2627	20	2646	0.0	4852
gp_NC_004567_2_523354_525972	lp_0567	100.000	2618	0	0	1	2618	20	2637	0.0	4835
gp_NC_004567_2_259463_260719	lp_0286	100.000	1256	0	0	1	1256	26	1281	0.0	2320
gp_NC_004567_2_390029_391369	lp_0436	100.000	1340	0	0	1	1340	2	1341	0.0	2475
gp_NC_004567_2_222217_223488	lp_0247	100.000	1271	0	0	1	1271	5	1275	0.0	2348
gp_NC_004567_2_2803068_2801671	lp_3133	100.000	1397	0	0	1	1397	1400	4	0.0	2580
gp_NC_004567_2_2718540_2716699	lp_3055	100.000	1841	0	0	1	1841	1850	10	0.0	3400
gp_NC_004567_2_997864_998766	lp_1097	100.000	902	0	0	1	902	35	936	0.0	1666
gp_NC_004567_2_3134620_3133181	lp_3518	100.000	1439	0	0	1	1439	1442	4	0.0	2658
gp_NC_004567_2_1157412_1159076	lp_1274	100.000	1664	0	0	1	1664	2	1665	0.0	3073
gp_NC_004567_2_1889785_1891740	lp_2097	100.000	1955	0	0	1	1955	2	1956	0.0	3611
gp_NC_004567_2_3074425_3073040	lp_3468	100.000	1385	0	0	1	1385	1439	55	0.0	2558
gp_NC_004567_2_2258792_2256945	lp_2531	100.000	1847	0	0	1	1847	1967	121	0.0	3411
gp_NC_004567_2_259469_260770	lp_0286	100.000	1295	0	0	1	1295	32	1326	0.0	2392
gp_NC_004567_2_2642880_2644307	lp_2969	100.000	1427	0	0	1	1427	2	1428	0.0	2636
gp_NC_004567_2_392241_393548	lp_0439	100.000	1307	0	0	1	1307	23	1329	0.0	2414
gp_NC_004567_2_2235977_2235228	lp_2503	100.000	749	0	0	1	749	785	37	0.0	1384
gp_NC_004567_2_3222133_3220823	lp_3604	100.000	1310	0	0	1	1310	1391	82	0.0	2420
gp_NC_004567_2_96329_97042	lp_0108	100.000	713	0	0	1	713	2	714	0.0	1317
gp_NC_004567_2_1072312_1073025	lp_1175	100.000	713	0	0	1	713	2	714	0.0	1317
gp_NC_004567_2_146413_147117	lp_0171	100.000	704	0	0	1	704	2	705	0.0	1301
gp_NC_004567_2_342261_342980	lp_0372	100.000	719	0	0	1	719	2	720	0.0	1328
gp_NC_004567_2_3226719_3228239	lp_3611	100.000	1467	0	0	15	1481	1	1467	0.0	2710
gp_NC_004567_2_3214967_3213735	lp_3596	100.000	1232	0	0	1	1232	1256	25	0.0	2276
gp_NC_004567_2_470504_472459	lp_0525	100.000	1955	0	0	1	1955	20	1974	0.0	3611
gp_NC_004567_2_754185_756272	lp_0815	100.000	2087	0	0	1	2087	2	2088	0.0	3855
gp_NC_004567_2_2521692_2520532	lp_2827	100.000	1160	0	0	1	1160	1163	4	0.0	2143
gp_NC_004567_2_2918864_2920591	lp_3279	100.000	1727	0	0	1	1727	38	1764	0.0	3190
gp_NC_004567_2_2642886_2644805	lp_2969	100.000	1919	0	0	1	1919	8	1926	0.0	3544
gp_NC_004567_2_208994_210376	lp_0230	100.000	1382	0	0	1	1382	83	1464	0.0	2553
gp_NC_004567_2_112184_109605	lp_0124	100.000	2579	0	0	1	2579	2699	121	0.0	4763
gp_NC_004567_2_2138630_2137263	lp_2366	100.000	1367	0	0	1	1367	1367	1	0.0	2525
gp_NC_004567_2_523336_525978	lp_0567	100.000	2642	0	0	1	2642	2	2643	0.0	4879
gp_NC_004567_2_3014479_3012419	lp_3398	100.000	2060	0	0	1	2060	2285	226	0.0	3805
gp_NC_004567_2_1929401_1927551	lp_2136	100.000	1850	0	0	1	1850	3422	1573	0.0	3417
gp_NC_004567_2_2641015_2639414	lp_2966	100.000	1601	0	0	1	1601	1745	145	0.0	2957
gp_NC_004567_2_3098932_3097040	lp_3486	100.000	1892	0	0	1	1892	1928	37	0.0	3494
gp_NC_004567_2_3128939_3127146	lp_3513	100.000	1793	0	0	1	1793	1796	4	0.0	3312
gp_NC_004567_2_918420_917164	lp_0991	100.000	1256	0	0	1	1256	1292	37	0.0	2320
gp_NC_004567_2_1267776_1269533	lp_1385	100.000	1757	0	0	1	1757	14	1770	0.0	3245
gp_NC_004567_2_703084_704208	lp_0770	100.000	1124	0	0	1	1124	11	1134	0.0	2076
gp_NC_004567_2_1000553_1001917	lp_1102	100.000	1364	0	0	1	1364	2	1365	0.0	2519
gp_NC_004567_2_304438_303164	lp_0331	100.000	1274	0	0	1	1274	1298	25	0.0	2353
gp_NC_004567_2_3267556_3269250	lp_3647	100.000	1694	0	0	1	1694	26	1719	0.0	3129
gp_NC_004567_2_2598164_2599441	lp_2920	100.000	1277	0	0	1	1277	59	1335	0.0	2359
gp_NC_004567_2_340414_342219	lp_0371	100.000	1803	0	0	3	1805	1	1803	0.0	3330
gp_NC_004567_2_2304811_2303831	lp_2585	100.000	980	0	0	1	980	980	1	0.0	1810
gp_NC_004567_2_467904_468263	lp_0522	100.000	359	0	0	1	359	2	360	0.0	664
gp_NC_004567_2_1854685_1853915	lp_2050	100.000	770	0	0	1	770	770	1	0.0	1423
gp_NC_004567_2_26756_29128	lp_0024	100.000	2372	0	0	1	2372	5	2376	0.0	4381
gp_NC_004567_2_288949_290124	lp_0313	100.000	1175	0	0	1	1175	14	1188	0.0	2170
gp_NC_004567_2_2750380_2751255	lp_3091	100.000	875	0	0	1	875	2	876	0.0	1616
gp_NC_004567_2_2506057_2504804	lp_2807	100.000	1253	0	0	1	1253	1253	1	0.0	2314
gp_NC_004567_2_2057209_2054579	lp_2277	100.000	2630	0	0	1	2630	2630	1	0.0	4857
gp_NC_004567_2_2450836_2449721	lp_2757	100.000	1115	0	0	1	1115	1508	394	0.0	2060
gp_NC_004567_2_1272685_1274370	lp_1391	100.000	1685	0	0	1	1685	2	1686	0.0	3112
gp_NC_004567_2_1793457_1791691	lp_1980	100.000	1766	0	0	1	1766	1772	7	0.0	3262
gp_NC_004567_2_1579484_1580779	lp_1740	100.000	1293	0	0	3	1295	1	1293	0.0	2388
gp_NC_004567_2_888745_887465	lp_0956	100.000	1280	0	0	1	1280	1292	13	0.0	2364
gp_NC_004567_2_581316_582719	lp_0610	100.000	1403	0	0	1	1403	5	1407	0.0	2591
gp_NC_004567_2_1780496_1779633	lp_1965	100.000	863	0	0	1	863	875	13	0.0	1594
gp_NC_004567_2_1779609_1777528	lp_1964	100.000	2081	0	0	1	2081	2081	1	0.0	3843
gp_NC_004567_2_1794785_1793508	lp_1981	100.000	1277	0	0	1	1277	1277	1	0.0	2359
gp_NC_004567_2_1976533_1973741	lp_2187	100.000	2792	0	0	1	2792	2792	1	0.0	5156
gp_NC_004567_2_2100283_2097650	lp_2322	100.000	2633	0	0	1	2633	2645	13	0.0	4863
gp_NC_004567_2_1210184_1212595	lp_1316	100.000	2411	0	0	1	2411	8	2418	0.0	4453
gp_NC_004567_2_406717_408684	lp_0454	100.000	1967	0	0	1	1967	29	1995	0.0	3633
gp_NC_004567_2_1423220_1424245	lp_1558	100.000	1025	0	0	1	1025	8	1032	0.0	1893
gp_NC_004567_2_1424269_1426683	lp_1559	100.000	2414	0	0	1	2414	2	2415	0.0	4458
gp_NC_004567_2_1852545_1850839	lp_2048	100.000	1706	0	0	1	1706	1706	1	0.0	3151
gp_NC_004567_2_933125_934387	lp_1012	100.000	1262	0	0	1	1262	2	1263	0.0	2331
gp_NC_004567_2_448814_450082	lp_0501	100.000	1268	0	0	1	1268	2	1269	0.0	2342
gp_NC_004567_2_1385845_1387791	lp_1514	100.000	1946	0	0	1	1946	11	1956	0.0	3594
gp_NC_004567_2_387837_388826	lp_0434	100.000	989	0	0	1	989	17	1005	0.0	1827
gp_NC_004567_2_2100277_2097638	lp_2322	100.000	2639	0	0	1	2639	2657	19	0.0	4874
gp_NC_004567_2_2062778_2061648	lp_2282	100.000	1130	0	0	1	1130	1139	10	0.0	2087
gp_NC_004567_2_2990655_2988649	lp_3363	100.000	2006	0	0	1	2006	2027	22	0.0	3705
gp_NC_004567_2_486758_487315	lp_0538	100.000	555	0	0	3	557	1	555	0.0	1026
gp_NC_004567_2_1701644_1700988	lp_1883	100.000	656	0	0	1	656	671	16	0.0	1212
gp_NC_004567_2_1930976_1929627	lp_2136	100.000	1346	0	0	1	1346	1346	1	0.0	2486
gp_NC_004567_2_563682_564989	lp_0590	100.000	1307	0	0	1	1307	2	1308	0.0	2414
gp_NC_004567_2_1004498_1005388	lp_1106	100.000	890	0	0	1	890	116	1005	0.0	1644
gp_NC_004567_2_1159680_1160879	lp_1275	100.000	1178	0	0	1	1178	2	1179	0.0	2176
gp_NC_004567_2_2953795_2954688	lp_3318	100.000	893	0	0	1	893	26	918	0.0	1650
gp_NC_004567_2_2761435_2760506	lp_3100	100.000	929	0	0	1	929	950	22	0.0	1716
gp_NC_004567_2_2258903_2256927	lp_2531	100.000	1976	0	0	1	1976	1985	10	0.0	3650
gp_NC_004567_2_2433689_2432688	lp_2734	100.000	1001	0	0	1	1001	1001	1	0.0	1849
gp_NC_004567_2_669305_670363	lp_0730	100.000	1058	0	0	1	1058	38	1095	0.0	1954
gp_NC_004567_2_3139237_3138356	lp_3523	100.000	881	0	0	1	881	887	7	0.0	1628
gp_NC_004567_2_3122495_3123376	lp_3508	100.000	881	0	0	1	881	11	891	0.0	1628
gp_NC_004567_2_250726_251973	lp_0275	100.000	1247	0	0	1	1247	53	1299	0.0	2303
gp_NC_004567_2_2662128_2663447	lp_2992	100.000	1319	0	0	1	1319	116	1434	0.0	2436
gp_NC_004567_2_1191264_1192511	lp_1302	100.000	1247	0	0	1	1247	11	1257	0.0	2303
gp_NC_004567_2_1183242_1181959	lp_1295	100.000	1266	0	0	18	1283	1326	61	0.0	2338
gp_NC_004567_2_1023902_1025257	lp_1125	100.000	1355	0	0	1	1355	14	1368	0.0	2503
gp_NC_004567_2_1025322_1026308	lp_1126	100.000	986	0	0	1	986	2	987	0.0	1821
gp_NC_004567_2_2400616_2399714	lp_2699	100.000	896	0	0	1	896	896	1	0.0	1655
gp_NC_004567_2_250705_251955	lp_0275	100.000	1250	0	0	1	1250	32	1281	0.0	2309
gp_NC_004567_2_3105707_3103419	lp_3491	100.000	2288	0	0	1	2288	2288	1	0.0	4226
gp_NC_004567_2_883954_885786	lp_0952	100.000	1832	0	0	1	1832	41	1872	0.0	3384
gp_NC_004567_2_54605_52809	lp_0055	100.000	1796	0	0	1	1796	2351	556	0.0	3317
gp_NC_004567_2_2432448_2431843	lp_2733	100.000	605	0	0	1	605	605	1	0.0	1118
gp_NC_004567_2_2431825_2430719	lp_2732	100.000	1106	0	0	1	1106	1106	1	0.0	2043
gp_NC_004567_2_2890976_2890428	lp_3244	100.000	548	0	0	1	548	548	1	0.0	1013
gp_NC_004567_2_1304252_1304854	lp_1424	100.000	600	0	0	3	602	1	600	0.0	1109
gp_NC_004567_2_1305712_1307262	lp_1425	100.000	1550	0	0	1	1550	842	2391	0.0	2863
gp_NC_004567_2_21135_23108	lp_0020	100.000	1868	0	0	1	1868	17	1884	0.0	3450
gp_NC_004567_2_25300_26730	lp_0023	100.000	1430	0	0	1	1430	8	1437	0.0	2641
gp_NC_004567_2_1134420_1133125	lp_1249	100.000	1295	0	0	1	1295	1352	58	0.0	2392
gp_NC_004567_2_3098953_3097046	lp_3486	100.000	1907	0	0	1	1907	1922	16	0.0	3522
gp_NC_004567_2_500778_502247	lp_0550	100.000	1469	0	0	1	1469	14	1482	0.0	2713
gp_NC_004567_2_1292954_1294828	lp_1413	100.000	1874	0	0	1	1874	107	1980	0.0	3461
gp_NC_004567_2_1591685_1589715	lp_1751	100.000	1970	0	0	1	1970	1988	19	0.0	3639
gp_NC_004567_2_3205614_3204046	lp_3587	100.000	1568	0	0	1	1568	1601	34	0.0	2896
gp_NC_004567_2_2343321_2341681	lp_2629	100.000	1640	0	0	1	1640	1640	1	0.0	3029
gp_NC_004567_2_787645_789204	lp_0849	100.000	1559	0	0	1	1559	29	1587	0.0	2880
gp_NC_004567_2_790705_792294	lp_0852	100.000	1589	0	0	1	1589	29	1617	0.0	2935
gp_NC_004567_2_3274917_3273913	lp_3653	100.000	1004	0	0	1	1004	1010	7	0.0	1855
gp_NC_004567_2_995052_995891	lp_1093	100.000	839	0	0	1	839	2	840	0.0	1550
gp_NC_004567_2_444847_446103	lp_0498	100.000	1256	0	0	1	1256	44	1299	0.0	2320
gp_NC_004567_2_3279846_3279079	lp_3658	100.000	767	0	0	1	767	821	55	0.0	1417
gp_NC_004567_2_152594_153859	lp_0176	100.000	1265	0	0	1	1265	11	1275	0.0	2337
gp_NC_004567_2_3253883_3252870	lp_3635	100.000	1013	0	0	1	1013	1100	88	0.0	1871
gp_NC_004567_2_243522_244685	lp_0268	100.000	1163	0	0	1	1163	2	1164	0.0	2148
gp_NC_004567_2_401600_402835	lp_0447	100.000	1235	0	0	1	1235	14	1248	0.0	2281
gp_NC_004567_2_1930976_1929585	lp_2136	100.000	1388	0	0	1	1388	1388	1	0.0	2564
gp_NC_004567_2_3280325_3279933	lp_3659	100.000	392	0	0	1	392	392	1	0.0	725
gp_NC_004567_2_1368150_1371818	lp_1497	100.000	3668	0	0	1	3668	2	3669	0.0	6774
gp_NC_004567_2_1371811_1373289	lp_1498	100.000	1478	0	0	1	1478	2	1479	0.0	2730
gp_NC_004567_2_2514941_2513676	lp_2818	100.000	1241	0	0	1	1241	1241	1	0.0	2292
gp_NC_004567_2_363819_364886	lp_0400	100.000	1067	0	0	1	1067	2	1068	0.0	1971
gp_NC_004567_2_174500_173148	lp_0192	100.000	1352	0	0	1	1352	1397	46	0.0	2497
gp_NC_004567_2_301528_300224	lp_0329	100.000	1304	0	0	1	1304	1340	37	0.0	2409
gp_NC_004567_2_119752_120567	lp_0136	100.000	815	0	0	1	815	11	825	0.0	1506
gp_NC_004567_2_2791105_2792463	lp_3125	100.000	1358	0	0	1	1358	86	1443	0.0	2508
gp_NC_004567_2_1371811_1373262	lp_1498	100.000	1451	0	0	1	1451	2	1452	0.0	2680
gp_NC_004567_2_2570683_2569976	lp_2890	100.000	707	0	0	1	707	707	1	0.0	1306
gp_NC_004567_2_1347220_1348419	lp_1470	100.000	1199	0	0	1	1199	2	1200	0.0	2215
gp_NC_004567_2_2105185_2104076	lp_2326	100.000	1109	0	0	1	1109	1109	1	0.0	2049
gp_NC_004567_2_1970622_1969492	lp_2180	100.000	1130	0	0	1	1130	1139	10	0.0	2087
gp_NC_004567_2_42922_43698	lp_0041	100.000	776	0	0	1	776	29	804	0.0	1434
gp_NC_004567_2_2613801_2611717	lp_2932	100.000	2084	0	0	1	2084	2135	52	0.0	3849
gp_NC_004567_2_976346_977191	lp_1074	100.000	845	0	0	1	845	2	846	0.0	1561
gp_NC_004567_2_2471912_2470506	lp_2778	100.000	1406	0	0	1	1406	1427	22	0.0	2597
gp_NC_004567_2_2470446_2469049	lp_2777	100.000	1397	0	0	1	1397	1427	31	0.0	2580
gp_NC_004567_2_3143447_3142029	lp_3526	100.000	1418	0	0	1	1418	1445	28	0.0	2619
gp_NC_004567_2_2801220_2799787	lp_3132	100.000	1433	0	0	1	1433	1433	1	0.0	2647
gp_NC_004567_2_3244334_3242961	lp_3629	100.000	1373	0	0	1	1373	1376	4	0.0	2536
gp_NC_004567_2_393611_395011	lp_0440	100.000	1400	0	0	1	1400	20	1419	0.0	2586
gp_NC_004567_2_2679912_2678563	lp_3011	100.000	1349	0	0	1	1349	1367	19	0.0	2492
gp_NC_004567_2_3127051_3125633	lp_3512	100.000	1418	0	0	1	1418	1442	25	0.0	2619
gp_NC_004567_2_1045876_1047297	lp_1149	100.000	1421	0	0	1	1421	2	1422	0.0	2625
