WP_003596657.1	lp_1089	100.000	203	0	0	1	203	1	203	8.30e-154	421
WP_003637271.1	lp_0009	100.000	99	0	0	1	99	1	99	2.60e-70	201
WP_003637671.1	lp_0512	100.000	81	0	0	1	81	1	81	2.69e-58	169
WP_003637768.1	lp_0615	100.000	49	0	0	1	49	1	49	2.37e-33	104
WP_003638057.1	lp_1026	100.000	156	0	0	1	156	1	156	2.50e-117	325
WP_003638059.1	lp_1032	100.000	102	0	0	1	102	1	102	5.05e-72	206
WP_003638064.1	lp_1038	100.000	91	0	0	1	91	1	91	1.63e-64	186
WP_003638065.1	lp_1039	100.000	115	0	0	1	115	1	115	1.77e-79	226
WP_003638066.1	lp_1040	100.000	217	0	0	1	217	1	217	1.41e-160	439
WP_003638068.1	lp_1043	100.000	64	0	0	1	64	1	64	6.05e-41	124
WP_003638069.1	lp_1044	100.000	89	0	0	1	89	1	89	1.63e-61	178
WP_003638072.1	lp_1047	100.000	180	0	0	1	180	1	180	1.71e-132	365
WP_003638073.1	lp_1048	100.000	61	0	0	1	61	1	61	8.82e-43	129
WP_003638074.1	lp_1050	100.000	131	0	0	1	131	1	131	1.30e-93	263
WP_003638077.1	lp_1053	100.000	166	0	0	1	166	1	166	3.11e-118	328
WP_003638079.1	lp_1055	100.000	143	0	0	1	143	1	143	2.03e-101	283
WP_003638083.1	lp_1059a	100.000	39	0	0	1	39	1	39	1.58e-23	79.0
WP_003638098.1	lp_1077	100.000	147	0	0	1	147	1	147	6.33e-109	302
WP_003638099.1	lp_1078	100.000	130	0	0	1	130	1	130	2.71e-94	264
WP_003638526.1	lp_1516	100.000	64	0	0	1	64	1	64	3.68e-42	127
WP_003638547.1	lp_1535a	100.000	59	0	0	1	59	1	59	8.42e-40	121
WP_003638573.1	lp_1569	100.000	49	0	0	1	49	1	49	3.82e-32	101
WP_003638594.1	lp_1594	100.000	92	0	0	1	92	1	92	7.46e-65	187
WP_003638622.1	lp_1624	100.000	61	0	0	1	61	1	61	1.03e-40	124
WP_003638633.1	lp_1636	100.000	90	0	0	1	90	1	90	2.68e-65	187
WP_003638914.1	lp_1973	100.000	62	0	0	1	62	1	62	7.48e-39	119
WP_003639022.1	lp_2125	100.000	89	0	0	1	89	1	89	8.43e-62	179
WP_003639044.1	lp_2153	100.000	325	0	0	1	325	1	325	0.0	656
WP_003639227.1	lp_2374	100.000	209	0	0	1	209	1	209	4.28e-156	427
WP_003639428.1	lp_2704	100.000	180	0	0	1	180	1	180	9.32e-130	358
WP_003639489.1	lp_2780	100.000	115	0	0	1	115	1	115	2.55e-81	230
WP_003639490.1	lp_2781	100.000	105	0	0	1	105	1	105	3.65e-74	211
WP_003640224.1	lp_3688	100.000	114	0	0	1	114	1	114	1.09e-83	236
WP_003640225.1	lp_3688a	100.000	44	0	0	1	44	1	44	4.98e-26	85.5
WP_003640279.1	lp_1517	100.000	118	0	0	1	118	1	118	3.37e-81	230
WP_003640284.1	lp_1523	100.000	248	0	0	1	248	1	248	0.0	509
WP_003640290.1	lp_1530	100.000	211	0	0	1	211	1	211	4.59e-160	437
WP_003640313.1	lp_1562	100.000	209	0	0	1	209	1	209	9.35e-155	423
WP_003640322.1	lp_1570	100.000	188	0	0	1	188	1	188	1.89e-141	388
WP_003640330.1	lp_1578	100.000	244	0	0	1	244	1	244	0.0	504
WP_003640331.1	lp_1579	100.000	311	0	0	1	311	1	311	0.0	643
WP_003640333.1	lp_1581	100.000	448	0	0	1	448	1	448	0.0	937
WP_003640343.1	lp_1592	100.000	102	0	0	1	102	1	102	2.55e-69	199
WP_003640361.1	lp_1612	100.000	206	0	0	1	206	1	206	4.81e-152	416
WP_003640377.1	lp_1631	100.000	231	0	0	1	231	1	231	4.27e-174	474
WP_003640385.1	lp_1640	100.000	118	0	0	1	118	1	118	3.74e-83	235
WP_003640398.1	lp_1658	100.000	264	0	0	1	264	1	264	0.0	528
WP_003640414.1	lp_1676	100.000	153	0	0	1	153	1	153	1.50e-110	307
WP_003640436.1	lp_1696	100.000	390	0	0	1	390	1	390	0.0	812
WP_003640451.1	lp_1713	100.000	441	0	0	1	441	1	441	0.0	917
WP_003640464.1	lp_1730	100.000	748	0	0	1	748	1	748	0.0	1555
WP_003640469.1	lp_1735	100.000	312	0	0	1	312	1	312	0.0	635
WP_003640478.1	lp_1746	100.000	285	0	0	1	285	1	285	0.0	585
WP_003640554.1	lp_1837	100.000	309	0	0	1	309	1	309	0.0	627
WP_003640567.1	lp_1856	100.000	382	0	0	1	382	1	382	0.0	792
WP_003640578.1	lp_1869	100.000	163	0	0	1	163	1	163	2.71e-122	338
WP_003640579.1	lp_1870	100.000	316	0	0	1	316	1	316	0.0	659
WP_003640587.1	lp_1879	100.000	91	0	0	1	91	1	91	5.27e-62	179
WP_003640590.1	lp_1883	100.000	228	0	0	1	228	1	228	7.61e-169	461
WP_003640596.1	lp_1889	100.000	199	0	0	1	199	1	199	5.87e-145	398
WP_003640597.1	lp_1890	100.000	255	0	0	1	255	1	255	0.0	514
WP_003640603.1	lp_1897	100.000	586	0	0	1	586	1	586	0.0	1186
WP_003640604.1	lp_1898	100.000	320	0	0	1	320	1	320	0.0	647
WP_003640644.1	lp_1933	100.000	202	0	0	1	202	1	202	9.17e-153	418
WP_003640674.1	lp_1962	100.000	368	0	0	1	368	1	368	0.0	736
WP_003640677.1	lp_1965	100.000	299	0	0	1	299	1	299	0.0	627
WP_003640691.1	lp_1981	100.000	426	0	0	1	426	1	426	0.0	876
WP_003640692.1	lp_1982	100.000	282	0	0	1	282	1	282	0.0	579
WP_003640696.1	lp_1987	100.000	755	0	0	1	755	1	755	0.0	1565
WP_003640704.1	lp_2016	100.000	425	0	0	1	425	1	425	0.0	877
WP_003640706.1	lp_2018	100.000	404	0	0	1	404	1	404	0.0	819
WP_003640707.1	lp_2019	100.000	508	0	0	1	508	1	508	0.0	1046
WP_003640717.1	lp_2033	100.000	173	0	0	1	173	1	173	1.36e-124	344
WP_003640734.1	lp_2050	100.000	261	0	0	1	261	1	261	0.0	517
WP_003640735.1	lp_2051	100.000	259	0	0	1	259	1	259	0.0	538
WP_003640737.1	lp_2053	100.000	240	0	0	1	240	1	240	2.49e-179	488
WP_003640739.1	lp_2055	100.000	267	0	0	1	267	1	267	0.0	542
WP_003640741.1	lp_2057	100.000	332	0	0	1	332	1	332	0.0	678
WP_003640768.1	lp_2086	100.000	172	0	0	1	172	1	172	9.73e-127	350
WP_003640785.1	lp_2105	100.000	313	0	0	1	313	1	313	0.0	651
WP_003640806.1	lp_2130	100.000	161	0	0	2	162	1	161	3.10e-121	335
WP_003640809.1	lp_2133	100.000	163	0	0	1	163	1	163	9.15e-123	339
WP_003640819.1	lp_2147	100.000	257	0	0	1	257	1	257	0.0	521
WP_003640822.1	lp_2151	100.000	470	0	0	1	470	1	470	0.0	954
WP_003640857.1	lp_2196	100.000	363	0	0	1	363	1	363	0.0	734
WP_003640859.1	lp_2199	100.000	321	0	0	1	321	1	321	0.0	635
WP_003640865.1	lp_2206	100.000	319	0	0	1	319	1	319	0.0	654
WP_003640872.1	lp_2216	100.000	89	0	0	1	89	1	89	2.28e-62	180
WP_003640878.1	lp_2222	100.000	267	0	0	1	267	1	267	0.0	555
WP_003640879.1	lp_2223	100.000	220	0	0	1	220	1	220	1.06e-167	457
WP_003640894.1	lp_0559	100.000	273	0	0	1	273	1	273	0.0	552
WP_003640900.1	lp_0566	100.000	275	0	0	1	275	1	275	0.0	562
WP_003640905.1	lp_0571	100.000	428	0	0	1	428	1	428	0.0	878
WP_003640906.1	lp_0572	100.000	291	0	0	1	291	1	291	0.0	576
WP_003640913.1	lp_0586	100.000	139	0	0	1	139	1	139	2.71e-101	283
WP_003640914.1	lp_0587	100.000	172	0	0	1	172	1	172	3.37e-125	346
WP_003640915.1	lp_0588	100.000	323	0	0	1	323	1	323	0.0	664
WP_003640916.1	lp_0589	100.000	133	0	0	1	133	1	133	2.10e-94	265
WP_003640919.1	lp_0592	100.000	257	0	0	1	257	1	257	0.0	512
WP_003640923.1	lp_0597	100.000	225	0	0	1	225	1	225	2.85e-171	466
WP_003640932.1	lp_0609	100.000	496	0	0	1	496	1	496	0.0	1027
WP_003640943.1	lp_0620	100.000	229	0	0	1	229	1	229	3.92e-166	454
WP_003640950.1	lp_0692	100.000	336	0	0	1	336	1	336	0.0	692
WP_003640966.1	lp_0705	100.000	339	0	0	1	339	1	339	0.0	690
WP_003641010.1	lp_0757	100.000	306	0	0	1	306	1	306	0.0	622
WP_003641020.1	lp_0761	100.000	312	0	0	1	312	1	312	0.0	634
WP_003641031.1	lp_0774	100.000	158	0	0	1	158	1	158	5.53e-119	329
WP_003641033.1	lp_0775	100.000	411	0	0	1	411	1	411	0.0	843
WP_003641045.1	lp_0790	100.000	400	0	0	1	400	1	400	0.0	794
WP_003641051.1	lp_0796	100.000	249	0	0	1	249	1	249	0.0	512
WP_003641060.1	lp_0807	100.000	325	0	0	1	325	1	325	0.0	658
WP_003641067.1	lp_0814	100.000	302	0	0	1	302	1	302	0.0	620
WP_003641095.1	lp_0842	100.000	718	0	0	1	718	1	718	0.0	1493
WP_003641112.1	lp_0863	100.000	272	0	0	1	272	1	272	0.0	541
WP_003641125.1	lp_0878	100.000	246	0	0	1	246	1	246	0.0	504
WP_003641150.1	lp_0910	100.000	768	0	0	1	768	1	768	0.0	1595
WP_003641152.1	lp_0913	100.000	309	0	0	1	309	1	309	0.0	642
WP_003641212.1	lp_0975	100.000	466	0	0	1	466	1	466	0.0	936
WP_003641236.1	lp_1008	100.000	483	0	0	1	483	1	483	0.0	962
WP_003641239.1	lp_1011	100.000	211	0	0	1	211	1	211	2.26e-157	430
WP_003641247.1	lp_1022	100.000	1213	0	0	1	1213	1	1213	0.0	2499
WP_003641249.1	lp_1025	100.000	137	0	0	1	137	1	137	1.99e-98	275
WP_003641252.1	lp_1033	100.000	209	0	0	1	209	1	209	1.23e-154	423
WP_003641253.1	lp_1034	100.000	207	0	0	1	207	1	207	4.41e-152	416
WP_003641254.1	lp_1035	100.000	97	0	0	1	97	1	97	1.84e-67	194
WP_003641255.1	lp_1036	100.000	279	0	0	1	279	1	279	0.0	564
WP_003641256.1	lp_1041	100.000	144	0	0	1	144	1	144	4.54e-103	287
WP_003641257.1	lp_1045	100.000	122	0	0	1	122	1	122	6.87e-86	242
WP_003641258.1	lp_1046	100.000	103	0	0	1	103	1	103	2.67e-71	204
WP_003641259.1	lp_1051	100.000	178	0	0	1	178	1	178	1.37e-130	360
WP_003641260.1	lp_1052	100.000	121	0	0	1	121	1	121	2.83e-86	243
WP_003641261.1	lp_1054	100.000	60	0	0	1	60	1	60	2.71e-39	120
WP_003641265.1	lp_1060	100.000	121	0	0	1	121	1	121	7.45e-85	239
WP_003641266.1	lp_1061	100.000	129	0	0	1	129	1	129	1.14e-92	260
WP_003641267.1	lp_1062	100.000	314	0	0	1	314	1	314	0.0	639
WP_003641268.1	lp_1063	100.000	127	0	0	1	127	1	127	1.88e-90	254
WP_003641269.1	lp_1066	100.000	330	0	0	1	330	1	330	0.0	678
WP_003641270.1	lp_1067	100.000	189	0	0	1	189	1	189	4.07e-136	375
WP_003641296.1	lp_1097	100.000	313	0	0	1	313	1	313	0.0	647
WP_003641299.1	lp_1102	100.000	472	0	0	1	472	1	472	0.0	929
WP_003641301.1	lp_1105	100.000	386	0	0	1	386	1	386	0.0	764
WP_003641303.1	lp_1107	100.000	96	0	0	1	96	1	96	1.20e-66	192
WP_003641313.1	lp_1112	100.000	460	0	0	1	460	1	460	0.0	941
WP_003641324.1	lp_1125	100.000	479	0	0	1	479	1	479	0.0	980
WP_003641325.1	lp_1126	100.000	331	0	0	1	331	1	331	0.0	659
WP_003641334.1	lp_1138	100.000	213	0	0	1	213	1	213	8.31e-160	436
WP_003641335.1	lp_1139	100.000	195	0	0	1	195	1	195	2.45e-144	396
WP_003641337.1	lp_1141	100.000	389	0	0	1	389	1	389	0.0	804
WP_003641341.1	lp_1147	100.000	106	0	0	1	106	1	106	2.05e-75	214
WP_003641343.1	lp_1149	100.000	474	0	0	1	474	1	474	0.0	983
WP_003641437.1	lp_2371	100.000	426	0	0	1	426	1	426	0.0	842
WP_003641440.1	lp_2367	100.000	181	0	0	1	181	1	181	2.51e-132	364
WP_003641442.1	lp_2365	100.000	314	0	0	1	314	1	314	0.0	644
WP_003641443.1	lp_2364	100.000	467	0	0	1	467	1	467	0.0	941
WP_003641444.1	lp_2363	100.000	142	0	0	1	142	1	142	4.22e-102	285
WP_003641455.1	lp_2349	100.000	305	0	0	1	305	1	305	0.0	624
WP_003641475.1	lp_2331	100.000	202	0	0	1	202	1	202	2.98e-150	411
WP_003641502.1	lp_2303	100.000	194	0	0	1	194	1	194	3.66e-140	385
WP_003641528.1	lp_2270	100.000	103	0	0	1	103	1	103	2.69e-75	214
WP_003641534.1	lp_2264	100.000	236	0	0	1	236	1	236	4.60e-170	464
WP_003641536.1	lp_2262	100.000	297	0	0	1	297	1	297	0.0	596
WP_003641546.1	lp_2251	100.000	306	0	0	1	306	1	306	0.0	612
WP_003641596.1	lp_3652	100.000	125	0	0	1	125	1	125	2.46e-90	254
WP_003641598.1	lp_3654	100.000	183	0	0	1	183	1	183	1.11e-136	375
WP_003641602.1	lp_3658	100.000	294	0	0	1	294	1	294	0.0	569
WP_003641604.1	lp_3660	100.000	306	0	0	1	306	1	306	0.0	616
WP_003641628.1	lp_0001	100.000	455	0	0	1	455	1	455	0.0	939
WP_003641629.1	lp_0002	100.000	379	0	0	1	379	1	379	0.0	761
WP_003641632.1	lp_0006	100.000	648	0	0	1	648	1	648	0.0	1327
WP_003641633.1	lp_0007	100.000	853	0	0	1	853	1	853	0.0	1738
WP_003641635.1	lp_0011	100.000	78	0	0	1	78	1	78	3.74e-53	156
WP_003641637.1	lp_0013	100.000	150	0	0	1	150	1	150	3.58e-107	298
WP_003641641.1	lp_0017	100.000	412	0	0	1	412	1	412	0.0	844
WP_003641645.1	lp_0021	100.000	379	0	0	1	379	1	379	0.0	789
WP_003641646.1	lp_0022	100.000	390	0	0	1	390	1	390	0.0	808
WP_003641651.1	lp_0027	100.000	223	0	0	1	223	1	223	6.00e-166	453
WP_003641656.1	lp_0037	100.000	624	0	0	1	624	1	624	0.0	1273
WP_003641669.1	lp_0056	100.000	471	0	0	1	471	1	471	0.0	931
WP_003641742.1	lp_0139	100.000	564	0	0	1	564	1	564	0.0	1177
WP_003641762.1	lp_0166	100.000	329	0	0	1	329	1	329	0.0	680
WP_003641763.1	lp_0168	100.000	332	0	0	1	332	1	332	0.0	676
WP_003641764.1	lp_0169	100.000	193	0	0	1	193	1	193	1.77e-140	386
WP_003641765.1	lp_0170	100.000	122	0	0	1	122	1	122	4.73e-86	243
WP_003641766.1	lp_0171	100.000	235	0	0	1	235	1	235	2.03e-168	460
WP_003641769.1	lp_0174	100.000	557	0	0	1	557	1	557	0.0	1157
WP_003641776.1	lp_0181	100.000	756	0	0	1	756	1	756	0.0	1575
WP_003641780.1	lp_0184	100.000	288	0	0	1	288	1	288	0.0	590
WP_003641781.1	lp_0185	100.000	651	0	0	1	651	1	651	0.0	1304
WP_003641784.1	lp_0189	100.000	558	0	0	1	558	1	558	0.0	1166
WP_003641787.1	lp_0193	100.000	557	0	0	1	557	1	557	0.0	1157
WP_003641795.1	lp_0203	100.000	392	0	0	1	392	1	392	0.0	791
WP_003641796.1	lp_0204	100.000	357	0	0	1	357	1	357	0.0	728
WP_003641803.1	lp_0210	100.000	395	0	0	1	395	1	395	0.0	808
WP_003641817.1	lp_0226	100.000	237	0	0	1	237	1	237	1.98e-178	486
WP_003641824.1	lp_0232	100.000	149	0	0	1	149	1	149	3.65e-109	303
WP_003641827.1	lp_0236	100.000	110	0	0	1	110	1	110	3.17e-79	224
WP_003641836.1	lp_0256	100.000	303	0	0	1	303	1	303	0.0	613
WP_003641837.1	lp_0257	100.000	263	0	0	1	263	1	263	0.0	544
WP_003641867.1	lp_0293	100.000	230	0	0	1	230	1	230	2.53e-172	469
WP_003641904.1	lp_0330	100.000	287	0	0	1	287	1	287	0.0	587
WP_003641920.1	lp_0343	100.000	271	0	0	1	271	1	271	0.0	545
WP_003641921.1	lp_0344	100.000	363	0	0	1	363	1	363	0.0	746
WP_003641936.1	lp_0362	100.000	190	0	0	1	190	1	190	5.77e-138	379
WP_003641941.1	lp_0368	100.000	323	0	0	1	323	1	323	0.0	664
WP_003641945.1	lp_0372	100.000	240	0	0	1	240	1	240	2.46e-170	465
WP_003641962.1	lp_0393	100.000	205	0	0	1	205	1	205	1.61e-155	425
WP_003641998.1	lp_0436	100.000	453	0	0	1	453	1	453	0.0	896
WP_003642002.1	lp_0440	100.000	478	0	0	1	478	1	478	0.0	1006
WP_003642031.1	lp_0467	100.000	460	0	0	1	460	1	460	0.0	948
WP_003642042.1	lp_0481	100.000	537	0	0	1	537	1	537	0.0	1108
WP_003642044.1	lp_0502	100.000	426	0	0	1	426	1	426	0.0	842
WP_003642050.1	lp_0510	100.000	426	0	0	1	426	1	426	0.0	857
WP_003642062.1	lp_0523	100.000	375	0	0	1	375	1	375	0.0	773
WP_003642078.1	lp_0537	100.000	320	0	0	1	320	1	320	0.0	645
WP_003642085.1	lp_0545	100.000	448	0	0	1	448	1	448	0.0	912
WP_003642086.1	lp_0546	100.000	180	0	0	1	180	1	180	3.82e-131	361
WP_003642090.1	lp_0550	100.000	499	0	0	1	499	1	499	0.0	1025
WP_003642093.1	lp_2807	100.000	418	0	0	1	418	1	418	0.0	865
WP_003642108.1	lp_2826	100.000	179	0	0	1	179	1	179	4.87e-136	374
WP_003642121.1	lp_2844	100.000	514	0	0	1	514	1	514	0.0	1066
WP_003642147.1	lp_2873	100.000	346	0	0	1	346	1	346	0.0	707
WP_003642253.1	lp_2992	100.000	530	0	0	1	530	1	530	0.0	1064
WP_003642267.1	lp_3009	100.000	108	0	0	1	108	1	108	1.61e-77	220
WP_003642307.1	lp_3054	100.000	373	0	0	1	373	1	373	0.0	766
WP_003642338.1	lp_3092	100.000	470	0	0	1	470	1	470	0.0	965
WP_003642374.1	lp_3132	100.000	483	0	0	1	483	1	483	0.0	1010
WP_003642375.1	lp_3133	100.000	615	0	0	1	615	1	615	0.0	1237
WP_003642377.1	lp_3135	100.000	663	0	0	1	663	1	663	0.0	1382
WP_003642405.1	lp_3170	100.000	230	0	0	1	230	1	230	3.29e-172	469
WP_003642427.1	lp_3194	100.000	383	0	0	1	383	1	383	0.0	771
WP_003642475.1	lp_3251	100.000	290	0	0	1	290	1	290	0.0	597
WP_003642485.1	lp_3263	100.000	293	0	0	1	293	1	293	0.0	611
WP_003642512.1	lp_3294	100.000	382	0	0	1	382	1	382	0.0	788
WP_003642515.1	lp_3297	100.000	189	0	0	1	189	1	189	1.22e-143	394
WP_003642516.1	lp_3298	100.000	170	0	0	1	170	1	170	2.17e-126	348
WP_003642527.1	lp_2798	100.000	257	0	0	1	257	1	257	0.0	517
WP_003642534.1	lp_2790	100.000	316	0	0	1	316	1	316	0.0	642
WP_003642544.1	lp_2777	100.000	480	0	0	1	480	1	480	0.0	1004
WP_003642565.1	lp_2751	100.000	398	0	0	1	398	1	398	0.0	829
WP_003642578.1	lp_2738	100.000	324	0	0	1	324	1	324	0.0	661
WP_003642587.1	lp_2727	100.000	243	0	0	1	243	1	243	0.0	499
WP_003642588.1	lp_2726	100.000	84	0	0	1	84	1	84	1.66e-59	172
WP_003642591.1	lp_2723	100.000	484	0	0	1	484	1	484	0.0	997
WP_003642610.1	lp_2698	100.000	237	0	0	1	237	1	237	1.12e-176	481
WP_003642628.1	lp_2673	100.000	161	0	0	1	161	1	161	2.31e-120	332
WP_003642650.1	lp_2643	100.000	337	0	0	1	337	1	337	0.0	700
WP_003642674.1	lp_2612	100.000	184	0	0	1	184	1	184	1.22e-138	380
WP_003642692.1	lp_2585	100.000	331	0	0	1	331	1	331	0.0	680
WP_003642695.1	lp_2582	100.000	597	0	0	1	597	1	597	0.0	1231
WP_003642710.1	lp_2563	100.000	278	0	0	1	278	1	278	0.0	580
WP_003642716.1	lp_2556	100.000	239	0	0	1	239	1	239	7.23e-177	482
WP_003642719.1	lp_2552	100.000	106	0	0	1	106	1	106	8.00e-75	213
WP_003642759.1	lp_2502	100.000	450	0	0	1	450	1	450	0.0	927
WP_003642762.1	lp_2498	100.000	525	0	0	1	525	1	525	0.0	1098
WP_003642836.1	lp_3313	100.000	752	0	0	1	752	1	752	0.0	1563
WP_003642837.1	lp_3314	100.000	273	0	0	1	273	1	273	0.0	574
WP_003642848.1	lp_3327	100.000	614	0	0	1	614	1	614	0.0	1228
WP_003642889.1	lp_3525	100.000	480	0	0	1	480	1	480	0.0	1001
WP_003642908.1	lp_3546	100.000	423	0	0	1	423	1	423	0.0	830
WP_003642909.1	lp_3547	100.000	98	0	0	1	98	1	98	6.39e-68	195
WP_003642910.1	lp_3548	100.000	156	0	0	1	156	1	156	1.75e-114	317
WP_003642912.1	lp_3551	100.000	796	0	0	1	796	1	796	0.0	1644
WP_003642915.1	lp_3554	100.000	474	0	0	1	474	1	474	0.0	983
WP_003642916.1	lp_3555	100.000	242	0	0	1	242	1	242	0.0	499
WP_003642939.1	lp_3592	100.000	283	0	0	1	283	1	283	0.0	591
WP_003642942.1	lp_3595	100.000	488	0	0	1	488	1	488	0.0	1014
WP_003643005.1	lp_3418	100.000	553	0	0	1	553	1	553	0.0	1144
WP_003643022.1	lp_3436	100.000	250	0	0	1	250	1	250	0.0	497
WP_003643061.1	lp_3482	100.000	387	0	0	1	387	1	387	0.0	801
WP_003643066.1	lp_3487	100.000	344	0	0	1	344	1	344	0.0	715
WP_003643073.1	lp_3494	100.000	294	0	0	1	294	1	294	0.0	610
WP_003643078.1	lp_3500	100.000	279	0	0	1	279	1	279	0.0	584
WP_003643108.1	lp_1413	100.000	709	0	0	1	709	1	709	0.0	1452
WP_003643121.1	lp_1399	100.000	99	0	0	1	99	1	99	1.90e-69	199
WP_003643136.1	lp_1379	100.000	207	0	0	1	207	1	207	2.50e-157	430
WP_003643169.1	lp_1329	100.000	215	0	0	1	215	1	215	1.53e-161	441
WP_003643171.1	lp_1327	100.000	450	0	0	1	450	1	450	0.0	935
WP_003643172.1	lp_1326	100.000	280	0	0	1	280	1	280	0.0	571
WP_003643180.1	lp_1316	100.000	808	0	0	1	808	1	808	0.0	1665
WP_003643206.1	lp_1233	100.000	222	0	0	1	222	1	222	4.09e-165	451
WP_003643222.1	lp_1248	100.000	132	0	0	1	132	1	132	2.93e-97	272
WP_003643223.1	lp_1249	100.000	451	0	0	1	451	1	451	0.0	874
WP_003643249.1	lp_1189	100.000	342	0	0	1	342	1	342	0.0	713
WP_003643296.1	lp_1280	100.000	395	0	0	1	395	1	395	0.0	824
WP_003643310.1	lp_1169	100.000	451	0	0	1	451	1	451	0.0	927
WP_003643315.1	lp_1175	100.000	238	0	0	1	238	1	238	1.99e-173	473
WP_003643473.1	lp_3270	100.000	429	0	0	1	429	1	429	0.0	880
WP_003643484.1	lp_3296	100.000	454	0	0	1	454	1	454	0.0	916
WP_003643485.1	lp_3299	100.000	122	0	0	1	122	1	122	9.75e-90	252
WP_003643511.1	lp_3362	100.000	328	0	0	1	328	1	328	0.0	685
WP_003643543.1	lp_3437	100.000	106	0	0	1	106	1	106	1.10e-77	220
WP_003643568.1	lp_3507	100.000	445	0	0	1	445	1	445	0.0	885
WP_003643576.1	lp_3545	100.000	352	0	0	1	352	18	369	0.0	732
WP_003643578.1	lp_3553	100.000	186	0	0	1	186	1	186	1.01e-138	381
WP_003643605.1	lp_3662	100.000	867	0	0	1	867	1	867	0.0	1795
WP_003643611.1	lp_0016	100.000	265	0	0	1	265	1	265	0.0	536
WP_003643612.1	lp_0024	100.000	798	0	0	1	798	1	798	0.0	1659
WP_003643642.1	lp_0066	100.000	223	0	0	1	223	1	223	3.08e-165	451
WP_003643656.1	lp_0108	100.000	238	0	0	1	238	1	238	1.43e-173	473
WP_003643705.1	lp_0264	100.000	665	0	0	1	665	1	665	0.0	1322
WP_003643729.1	lp_0310	100.000	398	0	0	1	398	1	398	0.0	811
WP_003643745.1	lp_0331	100.000	438	0	0	1	438	1	438	0.0	871
WP_003643749.1	lp_0336	100.000	187	0	0	1	187	1	187	2.84e-129	357
WP_003643770.1	lp_0367	100.000	508	0	0	1	508	1	508	0.0	1028
WP_003643773.1	lp_0370	100.000	505	0	0	1	505	1	505	0.0	1041
WP_003643774.1	lp_0371	100.000	609	0	0	1	609	1	609	0.0	1247
WP_003643816.1	lp_0439	100.000	451	0	0	1	451	1	451	0.0	903
WP_003643823.1	lp_0454	100.000	683	0	0	1	683	1	683	0.0	1408
WP_003643830.1	lp_0471	100.000	326	0	0	1	326	1	326	0.0	662
WP_003643933.1	lp_0621	100.000	167	0	0	1	167	1	167	3.25e-118	328
WP_003643938.1	lp_0693	100.000	721	0	0	1	721	1	721	0.0	1498
WP_003643943.1	lp_0709	100.000	331	0	0	1	331	1	331	0.0	681
WP_003643974.1	lp_0789	100.000	340	0	0	1	340	1	340	0.0	698
WP_003643975.1	lp_0791	100.000	252	0	0	1	252	1	252	0.0	517
WP_003643976.1	lp_0792	100.000	442	0	0	1	442	1	442	0.0	902
WP_003643991.1	lp_0826	100.000	349	0	0	1	349	1	349	0.0	723
WP_003644001.1	lp_0848	100.000	435	0	0	1	435	1	435	0.0	844
WP_003644005.1	lp_0854	100.000	329	0	0	1	329	1	329	0.0	670
WP_003644020.1	lp_0886	100.000	483	0	0	1	483	1	483	0.0	970
WP_003644083.1	lp_1005	100.000	560	0	0	1	560	1	560	0.0	1146
WP_003644085.1	lp_1012	100.000	425	0	0	1	425	1	425	0.0	884
WP_003644093.1	lp_1058	100.000	216	0	0	1	216	1	216	3.90e-160	437
WP_003644101.1	lp_1084	100.000	297	0	0	1	297	1	297	0.0	609
WP_003644102.1	lp_1085	100.000	331	0	0	1	331	1	331	0.0	681
WP_003644108.1	lp_1101	100.000	309	0	0	1	309	1	309	0.0	628
WP_003644111.1	lp_1108	100.000	304	0	0	1	304	1	304	0.0	616
WP_003644128.1	lp_1144	100.000	755	0	0	1	755	1	755	0.0	1562
WP_003644155.1	lp_1188	100.000	193	0	0	1	193	1	193	9.72e-146	399
WP_003644197.1	lp_1245	100.000	308	0	0	1	308	1	308	0.0	625
WP_003644199.1	lp_1251	100.000	298	0	0	1	298	1	298	0.0	607
WP_003644211.1	lp_1289	100.000	180	0	0	1	180	1	180	2.14e-131	362
WP_003644264.1	lp_1407	100.000	483	0	0	1	483	1	483	0.0	996
WP_003644265.1	lp_1410	100.000	373	0	0	1	373	1	373	0.0	765
WP_003644286.1	lp_1513	100.000	311	0	0	1	311	1	311	0.0	650
WP_003644287.1	lp_1514	100.000	654	0	0	1	654	1	654	0.0	1353
WP_003644299.1	lp_1558	100.000	348	0	0	1	348	1	348	0.0	718
WP_003644304.1	lp_1573	100.000	320	0	0	1	320	1	320	0.0	646
WP_003644335.1	lp_1675	100.000	410	0	0	1	410	1	410	0.0	833
WP_003644359.1	lp_1732	100.000	348	0	0	1	348	1	348	0.0	713
WP_003644388.1	lp_1782	100.000	174	0	0	1	174	1	174	3.22e-125	346
WP_003644490.1	lp_2034	100.000	365	0	0	1	365	1	365	0.0	728
WP_003644491.1	lp_2035	100.000	432	0	0	1	432	1	432	0.0	861
WP_003644493.1	lp_2037	100.000	389	0	0	1	389	1	389	0.0	791
WP_003644568.1	lp_2096	100.000	305	0	0	1	305	1	305	0.0	622
WP_003644596.1	lp_2166	100.000	321	0	0	1	321	1	321	0.0	641
WP_003644605.1	lp_2181	100.000	230	0	0	1	230	1	230	3.12e-171	467
WP_003644606.1	lp_2183	100.000	184	0	0	1	184	1	184	3.87e-135	372
WP_003644607.1	lp_2185	100.000	332	0	0	1	332	1	332	0.0	689
WP_003644631.1	lp_2268	100.000	273	0	0	1	273	1	273	0.0	565
WP_003644659.1	lp_2361	100.000	438	0	0	1	438	1	438	0.0	898
WP_003644660.1	lp_2379	100.000	192	0	0	1	192	1	192	5.98e-147	402
WP_003644682.1	lp_2558	100.000	194	0	0	1	194	1	194	7.89e-146	400
WP_003644683.1	lp_2561	100.000	383	0	0	1	383	1	383	0.0	782
WP_003644692.1	lp_2591	100.000	318	0	0	1	318	1	318	0.0	648
WP_003644713.1	lp_2681	100.000	494	0	0	1	494	1	494	0.0	1026
WP_003644720.1	lp_2702	100.000	430	0	0	1	430	1	430	0.0	880
WP_003644736.1	lp_2761	100.000	200	0	0	1	200	1	200	9.53e-150	410
WP_003644739.1	lp_2788	100.000	339	0	0	1	339	1	339	0.0	711
WP_003644750.1	lp_2818	100.000	432	0	0	1	432	1	432	0.0	860
WP_003644759.1	lp_2852	100.000	106	0	0	1	106	1	106	2.27e-78	222
WP_003644788.1	lp_2932	100.000	740	0	0	1	740	1	740	0.0	1560
WP_003644790.1	lp_2935	100.000	136	0	0	1	136	1	136	2.58e-101	282
WP_003644879.1	lp_3051	100.000	390	0	0	1	390	1	390	0.0	808
WP_003644906.1	lp_0710	100.000	366	0	0	1	366	1	366	0.0	756
WP_003644997.1	lp_0562	100.000	378	0	0	1	378	1	378	0.0	784
WP_003645027.1	lp_1850	100.000	715	0	0	1	715	1	715	0.0	1483
WP_003645039.1	lp_1819	100.000	632	0	0	1	632	1	632	0.0	1304
WP_003645041.1	lp_1817	100.000	341	0	0	1	341	1	341	0.0	705
WP_003645061.1	lp_1784	100.000	853	0	0	1	853	1	853	0.0	1756
WP_003645117.1	lp_1681	100.000	252	0	0	1	252	1	252	0.0	514
WP_003645118.1	lp_1680	100.000	256	0	0	1	256	1	256	0.0	520
WP_003645119.1	lp_1679	100.000	280	0	0	1	280	1	280	0.0	579
WP_003645150.1	lp_1622	100.000	219	0	0	1	219	1	219	5.57e-164	447
WP_003645157.1	lp_1607	100.000	394	0	0	1	394	1	394	0.0	801
WP_003645162.1	lp_1599	100.000	286	0	0	1	286	1	286	0.0	566
WP_003645183.1	lp_1541	100.000	478	0	0	1	478	1	478	0.0	986
WP_003645414.1	lp_2350	100.000	274	0	0	1	274	1	274	0.0	550
WP_003645437.1	lp_2242	100.000	397	0	0	1	397	1	397	0.0	806
WP_003645514.1	lp_1095	100.000	245	0	0	1	245	1	245	0.0	501
WP_003645539.1	lp_3407	100.000	275	0	0	1	275	1	275	0.0	552
WP_003645660.1	lp_2126	100.000	84	0	0	1	84	1	84	3.22e-55	162
WP_003645674.1	lp_3527	100.000	665	0	0	1	665	1	665	0.0	1336
WP_003645864.1	lp_2724	100.000	739	0	0	1	739	1	739	0.0	1531
WP_003645873.1	lp_2712	99.766	427	1	0	1	427	9	435	0.0	827
WP_003645874.1	lp_2710	100.000	446	0	0	1	446	1	446	0.0	875
WP_003645922.1	lp_2155	100.000	186	0	0	1	186	1	186	3.59e-139	382
WP_003646028.1	lp_1912	100.000	798	0	0	1	798	1	798	0.0	1661
WP_003646081.1	lp_0756	100.000	338	0	0	1	338	1	338	0.0	687
WP_003646085.1	lp_0764	100.000	575	0	0	1	575	1	575	0.0	1183
WP_003646212.1	lp_3565	100.000	398	0	0	1	398	1	398	0.0	784
WP_003646215.1	lp_3568	100.000	292	0	0	1	292	1	292	0.0	594
WP_003646223.1	lp_3589	100.000	603	0	0	1	603	1	603	0.0	1241
WP_003646226.1	lp_3657	100.000	267	0	0	1	267	1	267	0.0	543
WP_003646267.1	lp_1173	100.000	372	0	0	1	372	1	372	0.0	762
WP_003646310.1	lp_0114	100.000	274	0	0	1	274	1	274	0.0	550
WP_003646328.1	lp_0136	100.000	282	0	0	1	282	1	282	0.0	578
WP_003646371.1	lp_0220	100.000	161	0	0	1	161	1	161	5.65e-123	339
WP_003646390.1	lp_0267	100.000	134	0	0	1	134	1	134	3.43e-98	274
WP_003646511.1	lp_0501	100.000	423	0	0	1	423	1	423	0.0	885
WP_003646512.1	lp_0505	100.000	217	0	0	1	217	1	217	6.09e-163	445
WP_003646513.1	lp_0506	100.000	299	0	0	1	299	1	299	0.0	605
WP_003646527.1	lp_0528	100.000	341	0	0	1	341	1	341	0.0	700
WP_003646541.1	lp_1274	100.000	576	0	0	1	576	1	576	0.0	1169
WP_003646585.1	lp_2565	100.000	302	0	0	1	302	1	302	0.0	622
WP_003646590.1	lp_2554	100.000	252	0	0	1	252	1	252	0.0	505
WP_003646591.1	lp_2553	100.000	108	0	0	1	108	1	108	2.53e-80	227
WP_011100851.1	lp_0010	100.000	200	0	0	1	200	1	200	3.14e-145	399
WP_011100853.1	lp_0023	100.000	479	0	0	1	479	1	479	0.0	991
WP_011100855.1	lp_0028	100.000	906	0	0	1	906	1	906	0.0	1883
WP_011100856.1	lp_0036	100.000	235	0	0	1	235	1	235	7.55e-176	479
WP_011100858.1	lp_0047	100.000	476	0	0	1	476	1	476	0.0	978
WP_011100864.1	lp_0067	100.000	338	0	0	1	338	1	338	0.0	700
WP_011100886.1	lp_0113	100.000	263	0	0	1	263	1	263	0.0	527
WP_011100887.1	lp_0115	100.000	217	0	0	1	217	1	217	6.89e-161	439
WP_011100895.1	lp_0125	100.000	252	0	0	1	252	1	252	0.0	520
WP_011100921.1	lp_0217	100.000	219	0	0	1	219	1	219	1.12e-159	437
WP_011100922.1	lp_0218	100.000	468	0	0	1	468	1	468	0.0	950
WP_011100926.1	lp_0230	100.000	612	0	0	1	612	1	612	0.0	1221
WP_011100927.1	lp_0233	100.000	385	0	0	1	385	1	385	0.0	790
WP_011100930.1	lp_0242	100.000	154	0	0	1	154	1	154	8.72e-114	315
WP_011100933.1	lp_0247	100.000	425	0	0	1	425	1	425	0.0	839
WP_011100940.1	lp_0254	100.000	180	0	0	1	180	1	180	4.82e-130	358
WP_011100941.1	lp_0255	100.000	381	0	0	1	381	1	381	0.0	775
WP_011100943.1	lp_0263	100.000	547	0	0	1	547	1	547	0.0	1140
WP_011100945.1	lp_0268	100.000	402	0	0	1	402	1	402	0.0	833
WP_011100946.1	lp_0269	100.000	939	0	0	1	939	1	939	0.0	1947
WP_011100950.1	lp_0286	100.000	441	0	0	1	441	1	441	0.0	882
WP_011100958.1	lp_0305	100.000	124	0	0	1	124	1	124	2.18e-90	254
WP_011100962.1	lp_0313	100.000	400	0	0	1	400	1	400	0.0	828
WP_011100965.1	lp_0329	100.000	455	0	0	1	455	1	455	0.0	940
WP_011100966.1	lp_0337	100.000	323	0	0	1	323	1	323	0.0	664
WP_011100968.1	lp_0339	100.000	391	0	0	1	391	1	391	0.0	801
WP_011100972.1	lp_0349	100.000	438	0	0	1	438	1	438	0.0	880
WP_011100973.1	lp_0350	100.000	319	0	0	1	319	1	319	0.0	660
WP_011100974.1	lp_0354	100.000	222	0	0	1	222	1	222	6.77e-166	452
WP_011100995.1	lp_0400	100.000	394	0	0	1	394	1	394	0.0	774
WP_011101002.1	lp_0432	100.000	769	0	0	1	769	1	769	0.0	1578
WP_011101003.1	lp_0433	100.000	258	0	0	1	258	1	258	0.0	527
WP_011101004.1	lp_0434	100.000	338	0	0	1	338	1	338	0.0	692
WP_011101006.1	lp_0441	100.000	298	0	0	1	298	1	298	0.0	605
WP_011101011.1	lp_0447	100.000	424	0	0	1	424	1	424	0.0	859
WP_011101016.1	lp_0463	100.000	232	0	0	1	232	1	232	1.90e-174	475
WP_011101026.1	lp_0487	100.000	339	0	0	1	339	1	339	0.0	698
WP_011101028.1	lp_0489	100.000	275	0	0	1	275	1	275	0.0	557
WP_011101034.1	lp_0497	100.000	215	0	0	1	215	1	215	2.03e-158	433
WP_011101035.1	lp_0498	100.000	454	0	0	1	454	1	454	0.0	918
WP_011101037.1	lp_0500	100.000	307	0	0	1	307	1	307	0.0	624
WP_011101042.1	lp_0526	100.000	1020	0	0	1	1020	1	1020	0.0	2079
WP_011101043.1	lp_0527	100.000	355	0	0	1	355	1	355	0.0	723
WP_011101044.1	lp_0529	100.000	402	0	0	1	402	1	402	0.0	822
WP_011101046.1	lp_0532	100.000	340	0	0	1	340	1	340	0.0	703
WP_011101054.1	lp_0561	100.000	263	0	0	1	263	1	263	0.0	524
WP_011101055.1	lp_0564	100.000	245	0	0	1	245	1	245	0.0	501
WP_011101056.1	lp_0565	100.000	492	0	0	1	492	1	492	0.0	1025
WP_011101057.1	lp_0575	100.000	324	0	0	1	324	1	324	0.0	661
WP_011101058.1	lp_0576	100.000	268	0	0	1	268	1	268	0.0	516
WP_011101059.1	lp_0577	100.000	305	0	0	1	305	1	305	0.0	615
WP_011101061.1	lp_0579	100.000	130	0	0	1	130	1	130	1.50e-95	267
WP_011101068.1	lp_0590	100.000	440	0	0	1	440	1	440	0.0	907
WP_011101069.1	lp_0591	100.000	267	0	0	1	267	1	267	0.0	552
WP_011101073.1	lp_0604	100.000	178	0	0	1	178	1	178	1.20e-134	370
WP_011101074.1	lp_0610	100.000	470	0	0	1	470	1	470	0.0	978
WP_011101139.1	lp_0698	100.000	565	0	0	1	565	1	565	0.0	1169
WP_011101140.1	lp_0703	100.000	221	0	0	1	221	1	221	2.79e-164	449
WP_011101141.1	lp_0711	100.000	265	0	0	1	265	1	265	0.0	545
WP_011101154.1	lp_0776	100.000	467	0	0	1	467	1	467	0.0	965
WP_011101156.1	lp_0785	100.000	324	0	0	1	324	1	324	0.0	651
WP_011101165.1	lp_0815	100.000	709	0	0	1	709	1	709	0.0	1417
WP_011101166.1	lp_0820	100.000	451	0	0	1	451	1	451	0.0	910
WP_011101174.1	lp_0834	100.000	508	0	0	1	508	1	508	0.0	1046
WP_011101179.1	lp_0849	100.000	579	0	0	1	579	1	579	0.0	1187
WP_011101180.1	lp_0850	100.000	282	0	0	1	282	1	282	0.0	577
WP_011101189.1	lp_0884	100.000	163	0	0	1	163	1	163	1.90e-118	328
WP_011101195.1	lp_0902	100.000	618	0	0	1	618	1	618	0.0	1242
WP_011101198.1	lp_0905	100.000	620	0	0	1	620	1	620	0.0	1254
WP_011101199.1	lp_0906	100.000	500	0	0	1	500	1	500	0.0	1046
WP_011101226.1	lp_0956	100.000	431	0	0	1	431	1	431	0.0	892
WP_011101238.1	lp_0979	100.000	400	0	0	1	400	1	400	0.0	811
WP_011101239.1	lp_0980	100.000	633	0	0	1	633	1	633	0.0	1325
WP_011101251.1	lp_1083	100.000	670	0	0	1	670	1	670	0.0	1358
WP_011101252.1	lp_1086	100.000	359	0	0	1	359	1	359	0.0	725
WP_011101253.1	lp_1087	100.000	473	0	0	1	473	1	473	0.0	931
WP_011101254.1	lp_1090	100.000	310	0	0	1	310	1	310	0.0	642
WP_011101257.1	lp_1096	100.000	290	0	0	1	290	1	290	0.0	560
WP_011101259.1	lp_1109	100.000	512	0	0	1	512	1	512	0.0	1040
WP_011101261.1	lp_1118	100.000	547	0	0	1	547	1	547	0.0	1120
WP_011101268.1	lp_1148	100.000	487	0	0	1	487	1	487	0.0	993
WP_011101271.1	lp_1155	100.000	438	0	0	1	438	1	438	0.0	868
WP_011101275.1	lp_1164	100.000	435	0	0	1	435	1	435	0.0	868
WP_011101279.1	lp_1176	100.000	373	0	0	1	373	1	373	0.0	771
WP_011101289.1	lp_1186	100.000	287	0	0	1	287	1	287	0.0	581
WP_011101291.1	lp_1190	100.000	280	0	0	1	280	1	280	0.0	580
WP_011101301.1	lp_1200	100.000	315	0	0	1	315	1	315	0.0	652
WP_011101302.1	lp_1201	100.000	225	0	0	1	225	1	225	1.42e-168	460
WP_011101317.1	lp_1219	100.000	377	0	0	1	377	1	377	0.0	781
WP_011101332.1	lp_1250	100.000	504	0	0	1	504	1	504	0.0	1030
WP_011101340.1	lp_1295	100.000	441	0	0	1	441	1	441	0.0	866
WP_011101341.1	lp_1296	100.000	324	0	0	1	324	1	324	0.0	674
WP_011101343.1	lp_1298	100.000	309	0	0	1	309	1	309	0.0	630
WP_011101344.1	lp_1299	100.000	498	0	0	1	498	1	498	0.0	1039
WP_011101345.1	lp_1301	100.000	395	0	0	1	395	1	395	0.0	797
WP_011101347.1	lp_1310	100.000	544	0	0	1	544	1	544	0.0	1137
WP_011101348.1	lp_1311	100.000	502	0	0	1	502	1	502	0.0	1040
WP_011101349.1	lp_1312	100.000	508	0	0	1	508	1	508	0.0	1059
WP_011101354.1	lp_1324	100.000	366	0	0	1	366	1	366	0.0	748
WP_011101355.1	lp_1325	100.000	321	0	0	1	321	1	321	0.0	647
WP_011101356.1	lp_1328	100.000	228	0	0	1	228	1	228	1.38e-172	470
WP_011101363.1	lp_1346	100.000	360	0	0	1	360	1	360	0.0	745
WP_011101364.1	lp_1347	100.000	288	0	0	1	288	1	288	0.0	591
WP_011101366.1	lp_1350	100.000	371	0	0	1	371	1	371	0.0	771
WP_011101376.1	lp_1374	100.000	618	0	0	1	618	1	618	0.0	1261
WP_011101377.1	lp_1375	100.000	768	0	0	1	768	1	768	0.0	1580
WP_011101379.1	lp_1378	100.000	391	0	0	1	391	1	391	0.0	816
WP_011101383.1	lp_1391	100.000	562	0	0	1	562	1	562	0.0	1150
WP_011101389.1	lp_1398	100.000	112	0	0	1	112	1	112	2.29e-79	225
WP_011101390.1	lp_1400	100.000	451	0	0	1	451	1	451	0.0	897
WP_011101391.1	lp_1401	100.000	490	0	0	1	490	1	490	0.0	1026
WP_011101394.1	lp_1409	100.000	202	0	0	1	202	1	202	2.67e-144	396
WP_011101406.1	lp_1437	100.000	404	0	0	1	404	1	404	0.0	824
WP_011101407.1	lp_1438	100.000	159	0	0	1	159	1	159	2.82e-116	322
WP_011101443.1	lp_1497	100.000	1223	0	0	1	1223	1	1223	0.0	2565
WP_011101444.1	lp_1498	100.000	519	0	0	1	519	1	519	0.0	1087
WP_011101445.1	lp_1499	100.000	190	0	0	1	190	1	190	3.58e-141	387
WP_011101446.1	lp_1500	100.000	229	0	0	1	229	1	229	1.83e-168	460
WP_011101452.1	lp_1510	100.000	197	0	0	1	197	1	197	4.95e-143	393
WP_011101464.1	lp_1559	100.000	805	0	0	1	805	1	805	0.0	1654
WP_011101469.1	lp_1595	100.000	353	0	0	1	353	1	353	0.0	706
WP_011101471.1	lp_1602	100.000	296	0	0	1	296	1	296	0.0	596
WP_011101474.1	lp_1615	100.000	805	0	0	1	805	1	805	0.0	1672
WP_011101475.1	lp_1616	100.000	317	0	0	1	317	1	317	0.0	641
WP_011101480.1	lp_1621	100.000	217	0	0	1	217	1	217	1.78e-162	444
WP_011101482.1	lp_1632	100.000	1185	0	0	1	1185	1	1185	0.0	2387
WP_011101488.1	lp_1652	100.000	478	0	0	1	478	1	478	0.0	983
WP_011101489.1	lp_1654	100.000	339	0	0	1	339	1	339	0.0	679
WP_011101490.1	lp_1655	100.000	260	0	0	1	260	1	260	0.0	519
WP_011101491.1	lp_1656	100.000	208	0	0	1	208	1	208	7.52e-154	421
WP_011101492.1	lp_1657	100.000	399	0	0	1	399	1	399	0.0	826
WP_011101493.1	lp_1659	100.000	179	0	0	1	179	1	179	7.09e-135	371
WP_011101497.1	lp_1665	100.000	347	0	0	1	347	1	347	0.0	716
WP_011101499.1	lp_1671	100.000	328	0	0	1	328	1	328	0.0	673
WP_011101501.1	lp_1673	100.000	310	0	0	1	310	1	310	0.0	633
WP_011101502.1	lp_1678	100.000	462	0	0	1	462	1	462	0.0	960
WP_011101506.1	lp_1686	100.000	166	0	0	1	166	1	166	4.55e-125	345
WP_011101525.1	lp_1731	100.000	337	0	0	1	337	1	337	0.0	692
WP_011101526.1	lp_1733	100.000	363	0	0	1	363	1	363	0.0	749
WP_011101527.1	lp_1734	100.000	325	0	0	1	325	1	325	0.0	672
WP_011101533.1	lp_1745	100.000	223	0	0	1	223	1	223	1.63e-158	434
WP_011101535.1	lp_1751	100.000	767	0	0	1	767	1	767	0.0	1553
WP_011101546.1	lp_1779	100.000	551	0	0	1	551	1	551	0.0	1116
WP_011101548.1	lp_1783	100.000	360	0	0	1	360	1	360	0.0	739
WP_011101551.1	lp_1787	100.000	222	0	0	1	222	1	222	8.01e-170	462
WP_011101556.1	lp_1801	100.000	262	0	0	1	262	1	262	0.0	547
WP_011101558.1	lp_1811	100.000	446	0	0	1	446	1	446	0.0	898
WP_011101559.1	lp_1814	100.000	530	0	0	1	530	1	530	0.0	1024
WP_011101577.1	lp_1873	100.000	407	0	0	1	407	1	407	0.0	840
WP_011101582.1	lp_1887	100.000	194	0	0	1	194	1	194	8.37e-137	377
WP_011101583.1	lp_1899	100.000	1116	0	0	1	1116	1	1116	0.0	2291
WP_011101591.1	lp_1920	100.000	429	0	0	1	429	1	429	0.0	881
WP_011101599.1	lp_1932	100.000	222	0	0	1	222	1	222	5.59e-169	461
WP_011101608.1	lp_1964	100.000	694	0	0	1	694	1	694	0.0	1421
WP_011101609.1	lp_1968	100.000	138	0	0	1	138	1	138	1.22e-97	273
WP_011101611.1	lp_1977	100.000	386	0	0	1	386	1	386	0.0	796
WP_011101612.1	lp_1980	100.000	598	0	0	1	598	1	598	0.0	1233
WP_011101638.1	lp_2030	100.000	236	0	0	1	236	1	236	9.97e-174	474
WP_011101639.1	lp_2031	100.000	333	0	0	1	333	1	333	0.0	682
WP_011101642.1	lp_2043	100.000	405	0	0	1	405	1	405	0.0	815
WP_011101645.1	lp_2067	100.000	389	0	0	1	389	1	389	0.0	796
WP_011101650.1	lp_2097	100.000	655	0	0	1	655	1	655	0.0	1312
WP_011101654.1	lp_2104	100.000	221	0	0	1	221	1	221	6.52e-168	457
WP_011101660.1	lp_2128	100.000	353	0	0	1	353	1	353	0.0	716
WP_011101670.1	lp_2150	100.000	310	0	0	1	310	1	310	0.0	623
WP_011101671.1	lp_2152	100.000	431	0	0	1	431	1	431	0.0	871
WP_011101672.1	lp_2154	100.000	370	0	0	1	370	1	370	0.0	764
WP_011101678.1	lp_2180	100.000	386	0	0	1	386	1	386	0.0	801
WP_011101679.1	lp_2187	100.000	932	0	0	1	932	1	932	0.0	1939
WP_011101686.1	lp_2219	100.000	339	0	0	1	339	1	339	0.0	694
WP_011101694.1	lp_2240	100.000	461	0	0	1	461	1	461	0.0	929
WP_011101698.1	lp_2258	100.000	369	0	0	1	369	1	369	0.0	768
WP_011101699.1	lp_2263	100.000	384	0	0	1	384	1	384	0.0	798
WP_011101701.1	lp_2272	100.000	83	0	0	1	83	1	83	5.93e-58	169
WP_011101703.1	lp_2277	100.000	880	0	0	1	880	1	880	0.0	1808
WP_011101709.1	lp_2302	100.000	420	0	0	1	420	1	420	0.0	857
WP_011101710.1	lp_2308	100.000	450	0	0	1	450	1	450	0.0	931
WP_011101711.1	lp_2321	100.000	444	0	0	1	444	1	444	0.0	906
WP_011101712.1	lp_2322	100.000	889	0	0	1	889	1	889	0.0	1835
WP_011101713.1	lp_2324	100.000	412	0	0	1	412	1	412	0.0	842
WP_011101718.1	lp_2336	100.000	751	0	0	1	751	1	751	0.0	1529
WP_011101719.1	lp_2341	100.000	376	0	0	1	376	1	376	0.0	773
WP_011101720.1	lp_2344	100.000	519	0	0	1	519	1	519	0.0	1035
WP_011101721.1	lp_2351	100.000	230	0	0	1	230	1	230	2.82e-167	457
WP_011101724.1	lp_2366	100.000	504	0	0	1	504	1	504	0.0	1020
WP_011101725.1	lp_2375	100.000	412	0	0	1	412	1	412	0.0	843
WP_011101726.1	lp_2384	100.000	321	0	0	1	321	1	321	0.0	665
WP_011101728.1	lp_2390	100.000	342	0	0	1	342	1	342	0.0	712
WP_011101814.1	lp_2531	100.000	662	0	0	1	662	1	662	0.0	1333
WP_011101815.1	lp_2532	100.000	324	0	0	1	324	1	324	0.0	680
WP_011101817.1	lp_2535	100.000	426	0	0	1	426	1	426	0.0	863
WP_011101818.1	lp_2536	100.000	428	0	0	1	428	1	428	0.0	866
WP_011101819.1	lp_2537	100.000	291	0	0	1	291	1	291	0.0	605
WP_011101825.1	lp_2551	100.000	356	0	0	1	356	1	356	0.0	736
WP_011101827.1	lp_2559	100.000	428	0	0	1	428	1	428	0.0	862
WP_011101830.1	lp_2570	100.000	353	0	0	1	353	1	353	0.0	730
WP_011101831.1	lp_2572	100.000	317	0	0	1	317	1	317	0.0	652
WP_011101843.1	lp_2596	100.000	267	0	0	1	267	1	267	0.0	561
WP_011101845.1	lp_2598	100.000	814	0	0	1	814	1	814	0.0	1699
WP_011101847.1	lp_2600	100.000	237	0	0	1	237	1	237	6.32e-178	484
WP_011101852.1	lp_2608	100.000	667	0	0	1	667	1	667	0.0	1348
WP_011101853.1	lp_2610	100.000	583	0	0	1	583	1	583	0.0	1197
WP_011101858.1	lp_2629	100.000	585	0	0	1	585	1	585	0.0	1199
WP_011101860.1	lp_2634	100.000	373	0	0	1	373	1	373	0.0	757
WP_011101865.1	lp_2648	100.000	271	0	0	1	271	1	271	0.0	551
WP_011101867.1	lp_2650	100.000	160	0	0	1	160	1	160	2.01e-120	333
WP_011101870.1	lp_2659	100.000	788	0	0	1	788	1	788	0.0	1631
WP_011101871.1	lp_2660	100.000	282	0	0	1	282	1	282	0.0	582
WP_011101877.1	lp_2674	100.000	530	0	0	1	530	1	530	0.0	1067
WP_011101880.1	lp_2684	100.000	390	0	0	1	390	1	390	0.0	801
WP_011101885.1	lp_2697	100.000	212	0	0	1	212	1	212	1.84e-156	428
WP_011101886.1	lp_2700	100.000	1058	0	0	1	1058	1	1058	0.0	2168
WP_011101887.1	lp_2701	100.000	364	0	0	1	364	1	364	0.0	758
WP_011101888.1	lp_2703	100.000	311	0	0	1	311	1	311	0.0	645
WP_011101891.1	lp_2719	100.000	413	0	0	1	413	1	413	0.0	832
WP_011101892.1	lp_2720	100.000	510	0	0	1	510	1	510	0.0	1044
WP_011101893.1	lp_2721	100.000	192	0	0	1	192	1	192	8.71e-140	384
WP_011101894.1	lp_2722	100.000	341	0	0	1	341	1	341	0.0	686
WP_011101895.1	lp_2725	100.000	226	0	0	1	226	1	226	3.48e-170	464
WP_011101898.1	lp_2734	100.000	336	0	0	1	336	1	336	0.0	695
WP_011101905.1	lp_2758	100.000	497	0	0	1	497	1	497	0.0	1024
WP_011101907.1	lp_2762	100.000	188	0	0	1	188	1	188	1.17e-141	389
WP_011101911.1	lp_2771	100.000	477	0	0	1	477	1	477	0.0	972
WP_011101913.1	lp_2776	100.000	436	0	0	1	436	1	436	0.0	896
WP_011101914.1	lp_2778	100.000	479	0	0	1	479	1	479	0.0	998
WP_011101927.1	lp_2827	100.000	388	0	0	1	388	1	388	0.0	756
WP_011101929.1	lp_2830	100.000	466	0	0	1	466	1	466	0.0	951
WP_011101933.1	lp_2843	100.000	502	0	0	1	502	1	502	0.0	1046
WP_011101939.1	lp_2861	100.000	206	0	0	1	206	1	206	3.67e-156	427
WP_011101978.1	lp_2953	100.000	246	0	0	4	249	1	246	0.0	502
WP_011101984.1	lp_2965	100.000	295	0	0	1	295	1	295	0.0	608
WP_011101986.1	lp_2969	100.000	660	0	0	1	660	1	660	0.0	1326
WP_011102003.1	lp_3010	100.000	490	0	0	1	490	1	490	0.0	956
WP_011102004.1	lp_3011	100.000	460	0	0	1	460	1	460	0.0	954
WP_011102022.1	lp_3055	100.000	641	0	0	1	641	1	641	0.0	1286
WP_011102035.1	lp_3085	100.000	633	0	0	1	633	1	633	0.0	1326
WP_011102043.1	lp_3106	100.000	331	0	0	1	331	1	331	0.0	626
WP_011102053.1	lp_3125	100.000	493	0	0	1	493	1	493	0.0	1021
WP_011102067.1	lp_3174	100.000	397	0	0	1	397	1	397	0.0	837
WP_011102081.1	lp_3219	100.000	641	0	0	1	641	1	641	0.0	1282
WP_011102085.1	lp_3229	100.000	649	0	0	1	649	1	649	0.0	1293
WP_011102091.1	lp_3240	100.000	664	0	0	1	664	1	664	0.0	1321
WP_011102099.1	lp_3266	100.000	370	0	0	1	370	1	370	0.0	744
WP_011102100.1	lp_3269	100.000	432	0	0	1	432	1	432	0.0	893
WP_011102113.1	lp_3334	100.000	563	0	0	1	563	1	563	0.0	1154
WP_011102114.1	lp_3335	100.000	366	0	0	1	366	1	366	0.0	754
WP_011102117.1	lp_3339	100.000	460	0	0	1	460	1	460	0.0	920
WP_011102125.1	lp_3363	100.000	679	0	0	1	679	1	679	0.0	1372
WP_011102128.1	lp_3374	100.000	457	0	0	1	457	1	457	0.0	915
WP_011102148.1	lp_3400	100.000	516	0	0	1	516	1	516	0.0	1070
WP_011102149.1	lp_3403	100.000	286	0	0	1	286	1	286	0.0	587
WP_011102162.1	lp_3431	100.000	237	0	0	1	237	1	237	0.0	498
WP_011102174.1	lp_3469	100.000	683	0	0	1	683	1	683	0.0	1437
WP_011102180.1	lp_3480	100.000	487	0	0	1	487	1	487	0.0	1013
WP_011102181.1	lp_3481	100.000	334	0	0	1	334	1	334	0.0	686
WP_011102182.1	lp_3483	100.000	626	0	0	1	626	1	626	0.0	1308
WP_011102183.1	lp_3484	100.000	319	0	0	1	319	1	319	0.0	661
WP_011102184.1	lp_3485	100.000	738	0	0	1	738	1	738	0.0	1532
WP_011102185.1	lp_3490	100.000	122	0	0	1	122	1	122	4.25e-89	250
WP_011102187.1	lp_3493	100.000	252	0	0	1	252	1	252	0.0	516
WP_011102190.1	lp_3498	100.000	294	0	0	1	294	1	294	0.0	606
WP_011102191.1	lp_3499	100.000	294	0	0	1	294	1	294	0.0	602
WP_011102196.1	lp_3512	100.000	486	0	0	1	486	1	486	0.0	1014
WP_011102197.1	lp_3513	100.000	624	0	0	1	624	1	624	0.0	1251
WP_011102198.1	lp_3518	100.000	485	0	0	1	485	1	485	0.0	972
WP_011102204.1	lp_3526	100.000	487	0	0	1	487	1	487	0.0	1019
WP_011102209.1	lp_3534	100.000	766	0	0	1	766	1	766	0.0	1590
WP_011102211.1	lp_3536	100.000	324	0	0	1	324	1	324	0.0	672
WP_011102213.1	lp_3538	100.000	665	0	0	1	665	1	665	0.0	1372
WP_011102214.1	lp_3539	100.000	217	0	0	1	217	1	217	3.10e-160	438
WP_011102218.1	lp_3556	100.000	533	0	0	1	533	1	533	0.0	1104
WP_011102219.1	lp_3557	100.000	466	0	0	1	466	1	466	0.0	937
WP_011102225.1	lp_3567	100.000	287	0	0	1	287	1	287	0.0	573
WP_011102227.1	lp_3571	100.000	228	0	0	1	228	1	228	6.03e-171	466
WP_011102235.1	lp_3587	100.000	584	0	0	1	584	1	584	0.0	1192
WP_011102237.1	lp_3593	100.000	427	0	0	1	427	1	427	0.0	885
WP_011102241.1	lp_3599	100.000	153	0	0	1	153	1	153	2.22e-113	314
WP_011102242.1	lp_3600	100.000	103	0	0	1	103	1	103	2.24e-75	214
WP_011102243.1	lp_3601	100.000	516	0	0	1	516	1	516	0.0	1029
WP_011102247.1	lp_3605	100.000	345	0	0	1	345	1	345	0.0	715
WP_011102249.1	lp_3607	100.000	300	0	0	1	300	1	300	0.0	627
WP_011102251.1	lp_3611	100.000	488	0	0	1	488	1	488	0.0	979
WP_011102256.1	lp_3617	100.000	229	0	0	1	229	1	229	2.43e-171	467
WP_011102259.1	lp_3620	100.000	188	0	0	1	188	1	188	2.00e-140	385
WP_011102262.1	lp_3623	100.000	267	0	0	1	267	1	267	0.0	547
WP_011102265.1	lp_3627	100.000	558	0	0	1	558	1	558	0.0	1155
WP_011102266.1	lp_3629	100.000	461	0	0	1	461	1	461	0.0	967
WP_011102267.1	lp_3630	100.000	292	0	0	1	292	1	292	0.0	597
WP_011102268.1	lp_3631	100.000	899	0	0	1	899	1	899	0.0	1880
WP_011102272.1	lp_3637	100.000	287	0	0	1	287	1	287	0.0	586
WP_011102274.1	lp_3641	100.000	541	0	0	1	541	1	541	0.0	1126
WP_015640374.1	lp_1740	100.000	431	0	0	1	431	1	431	0.0	892
WP_016511714.1	lp_1739	100.000	399	0	0	1	399	1	399	0.0	822
WP_024272289.1	lp_3271	100.000	323	0	0	1	323	1	323	0.0	670
WP_024521523.1	lp_1614	100.000	445	0	0	1	445	1	445	0.0	895
WP_033099006.1	lp_0275	100.000	453	0	0	1	453	1	453	0.0	897
WP_033608875.1	lp_2683	100.000	454	0	0	1	454	1	454	0.0	926
WP_060683812.1	lp_0931	100.000	266	0	0	1	266	1	266	0.0	548
WP_060684075.1	lp_2548	100.000	286	0	0	1	286	1	286	0.0	582
WP_060684316.1	lp_0852	100.000	586	0	0	1	586	1	586	0.0	1201
WP_101495133.1	lp_0070	100.000	438	0	0	1	438	1	438	0.0	907
WP_164503007.1	lp_3420	100.000	467	0	0	1	467	1	467	0.0	979
WP_164920167.1	lp_0265	100.000	656	0	0	1	656	1	656	0.0	1286
WP_164920169.1	lp_0491	100.000	303	0	0	1	303	1	303	0.0	630
WP_164920170.1	lp_1021	100.000	1204	0	0	1	1204	1	1204	0.0	2472
WP_164920192.1	lp_3389	100.000	138	0	0	1	138	1	138	1.62e-96	270
WP_167325154.1	lp_3615	99.678	311	1	0	2	312	1	311	0.0	638
WP_316042092.1	lp_0874	100.000	532	0	0	1	532	12	543	0.0	1083
